model,epoch,accuracy,loss,val_accuracy,val_loss
Image-Only,1,0.5614,1.1818,0.6264,0.8719
Image-Only,2,0.7797,0.6651,0.7802,0.6618
Image-Only,3,0.8226,0.5149,0.7582,0.6646
Image-Only,4,0.8674,0.4056,0.8352,0.5563
Image-Only,5,0.9142,0.3097,0.8352,0.501
Image-Only,6,0.9493,0.2141,0.8022,0.4918
Image-Only,7,0.9123,0.2278,0.8571,0.4631
Image-Only,8,0.9552,0.1918,0.8132,0.4607
Image-Only,9,0.9513,0.1655,0.7912,0.4619
Image-Only,10,0.9669,0.1301,0.8462,0.4702
Image-Only,11,0.9708,0.114,0.8571,0.423
Image-Only,12,0.9766,0.1105,0.8242,0.4313
Image-Only,13,0.9805,0.0952,0.8242,0.4685
Image-Only,14,0.9883,0.0749,0.8132,0.463
Image-Only,15,0.9883,0.0669,0.8571,0.4412
Image-Only,16,0.9766,0.0807,0.8022,0.4483
Image-Only,17,0.9942,0.0581,0.8352,0.4553
Image-Only,18,0.9903,0.0596,0.8462,0.4275
Image-Only,19,0.9942,0.0466,0.8462,0.438
Image-Only,20,0.9864,0.0603,0.8352,0.4465
Image-Only,21,0.9961,0.0506,0.8462,0.4176
Image-Only,22,0.9903,0.0487,0.8462,0.4266
Image-Only,23,0.9883,0.0447,0.8462,0.4902
Image-Only,24,0.9922,0.0332,0.8352,0.4707
Image-Only,25,0.9961,0.0278,0.8242,0.5105
Symptom-Only,1,0.5185,1.4519,0.5495,1.45
Symptom-Only,2,0.6842,1.1561,0.5604,1.2423
Symptom-Only,3,0.7251,0.9614,0.5824,1.0725
Symptom-Only,4,0.768,0.8093,0.6703,0.9314
Symptom-Only,5,0.8129,0.6809,0.7582,0.8103
Symptom-Only,6,0.8596,0.5673,0.8462,0.6945
Symptom-Only,7,0.9025,0.4731,0.8571,0.6008
Symptom-Only,8,0.9162,0.4013,0.8791,0.5293
Symptom-Only,9,0.922,0.3511,0.8901,0.4751
Symptom-Only,10,0.924,0.3138,0.9011,0.4368
Symptom-Only,11,0.924,0.29,0.9011,0.4135
Symptom-Only,12,0.924,0.2693,0.9011,0.3869
Symptom-Only,13,0.924,0.2558,0.8901,0.3731
Symptom-Only,14,0.922,0.2424,0.8901,0.3687
Symptom-Only,15,0.9279,0.2345,0.8901,0.354
Symptom-Only,16,0.9279,0.2244,0.9011,0.3482
Symptom-Only,17,0.9318,0.2161,0.8901,0.3346
Symptom-Only,18,0.9318,0.2093,0.9011,0.3319
Symptom-Only,19,0.9454,0.2041,0.8901,0.3274
Symptom-Only,20,0.9493,0.1978,0.9121,0.3172
Symptom-Only,21,0.9435,0.1937,0.9121,0.3121
Symptom-Only,22,0.9532,0.1879,0.9011,0.3102
Symptom-Only,23,0.9513,0.186,0.9011,0.3067
Symptom-Only,24,0.9552,0.1789,0.9011,0.3004
Symptom-Only,25,0.9474,0.1773,0.9011,0.2946
Fusion,1,0.5224,1.345,0.6593,1.0076
Fusion,2,0.7251,0.7708,0.8022,0.5437
Fusion,3,0.8519,0.4762,0.8901,0.3775
Fusion,4,0.9045,0.3325,0.8901,0.3348
Fusion,5,0.9396,0.2054,0.9341,0.2658
Fusion,6,0.9591,0.1654,0.956,0.2311
Fusion,7,0.9649,0.1162,0.9451,0.2149
Fusion,8,0.9786,0.0896,0.9341,0.204
Fusion,9,0.9864,0.069,0.9341,0.2114
Fusion,10,0.9883,0.0446,0.956,0.1855
Fusion,11,0.9961,0.0352,0.9451,0.175
Fusion,12,0.9942,0.0354,0.9451,0.1927
Fusion,13,0.9942,0.0263,0.9451,0.1772
Fusion,14,0.9883,0.0386,0.956,0.1703
Fusion,15,0.9961,0.0238,0.956,0.1693
Fusion,16,0.9942,0.0283,0.956,0.1713
Fusion,17,0.9961,0.0162,0.956,0.1576
Fusion,18,0.9981,0.0136,0.9451,0.1776
Fusion,19,1.0,0.0118,0.956,0.1735
Fusion,20,0.9981,0.0082,0.956,0.1807
Fusion,21,0.9981,0.0105,0.9341,0.1738
Fusion,22,0.9981,0.013,0.9451,0.1791
Fusion,23,1.0,0.0072,0.9451,0.201
Fusion,24,1.0,0.0058,0.956,0.2163
Fusion,25,0.9981,0.012,0.967,0.1888
