paired_index,path,label,symptom_record_index,symptom_patient_id,split
0,data/images/Mpox/Train_MKP_136_01.jpg,Mpox,85,85,train
1,data/images/Mpox/Valid_MKP_142_01.jpg,Mpox,63,63,train
2,data/images/Mpox/Train_MKP_75_03.jpg,Mpox,51,51,train
3,data/images/Mpox/Train_MKP_61_01.jpg,Mpox,26,26,train
4,data/images/Mpox/Train_MKP_103_01.jpg,Mpox,30,30,train
5,data/images/Mpox/Valid_MKP_82_02.jpg,Mpox,4,4,train
6,data/images/Mpox/Train_MKP_129_01.jpg,Mpox,7,7,train
7,data/images/Mpox/Train_MKP_62_02.jpg,Mpox,1,1,train
8,data/images/Mpox/Train_MKP_83_01.jpg,Mpox,17,17,train
9,data/images/Mpox/Valid_MKP_31_02.jpg,Mpox,81,81,train
10,data/images/Mpox/Valid_MKP_39_02.jpg,Mpox,64,64,train
11,data/images/Mpox/Train_MKP_122_01.jpg,Mpox,91,91,train
12,data/images/Mpox/Valid_MKP_59_01.jpg,Mpox,50,50,train
13,data/images/Mpox/Train_MKP_02_01.jpg,Mpox,60,60,train
14,data/images/Mpox/Train_MKP_63_04.jpg,Mpox,97,97,train
15,data/images/Mpox/Train_MKP_131_01.jpg,Mpox,72,72,train
16,data/images/Mpox/Train_MKP_19_02.jpg,Mpox,63,63,train
17,data/images/Mpox/Train_MKP_94_01.jpg,Mpox,54,54,train
18,data/images/Mpox/Train_MKP_65_01.jpg,Mpox,55,55,train
19,data/images/Mpox/Valid_MKP_40_03.jpg,Mpox,93,93,train
20,data/images/Mpox/Train_MKP_80_02.jpg,Mpox,27,27,train
21,data/images/Mpox/Train_MKP_77_01.jpg,Mpox,81,81,train
22,data/images/Mpox/Valid_MKP_104_01.jpg,Mpox,67,67,train
23,data/images/Mpox/Valid_MKP_105_02.jpg,Mpox,0,0,train
24,data/images/Mpox/Test_MKP_28_02.jpg,Mpox,39,39,train
25,data/images/Mpox/Train_MKP_58_03.jpg,Mpox,85,85,train
26,data/images/Mpox/Valid_MKP_91_01.jpg,Mpox,55,55,train
27,data/images/Mpox/Train_MKP_64_03.jpg,Mpox,3,3,train
28,data/images/Mpox/Train_MKP_68_01.jpg,Mpox,76,76,train
29,data/images/Mpox/Train_MKP_122_02.jpg,Mpox,72,72,train
30,data/images/Mpox/Test_MKP_10_01.jpg,Mpox,84,84,train
31,data/images/Mpox/Train_MKP_83_02.jpg,Mpox,17,17,train
32,data/images/Mpox/Valid_MKP_40_02.jpg,Mpox,8,8,train
33,data/images/Mpox/Test_MKP_138_01.jpg,Mpox,86,86,train
34,data/images/Mpox/Test_MKP_120_01.jpg,Mpox,2,2,train
35,data/images/Mpox/Train_MKP_83_03.jpg,Mpox,54,54,train
36,data/images/Mpox/Valid_MKP_88_02.jpg,Mpox,8,8,train
37,data/images/Mpox/Train_MKP_58_09.jpg,Mpox,29,29,train
38,data/images/Mpox/Train_MKP_42_01.jpg,Mpox,48,48,train
39,data/images/Mpox/Valid_MKP_31_01.jpg,Mpox,42,42,train
40,data/images/Mpox/Train_MKP_01_04.jpg,Mpox,40,40,train
41,data/images/Mpox/Train_MKP_32_04.jpg,Mpox,2,2,train
42,data/images/Mpox/Train_MKP_46_01.jpg,Mpox,0,0,train
43,data/images/Mpox/Test_MKP_28_04.jpg,Mpox,12,12,train
44,data/images/Mpox/Train_MKP_09_03.jpg,Mpox,0,0,train
45,data/images/Mpox/Train_MKP_113_01.jpg,Mpox,67,67,train
46,data/images/Mpox/Train_MKP_63_06.jpg,Mpox,52,52,train
47,data/images/Mpox/Valid_MKP_06_02.jpg,Mpox,64,64,train
48,data/images/Mpox/Train_MKP_128_01.jpg,Mpox,25,25,train
49,data/images/Mpox/Train_MKP_78_07.jpg,Mpox,61,61,train
50,data/images/Mpox/Train_MKP_72_05.jpg,Mpox,76,76,train
51,data/images/Mpox/Valid_MKP_142_06.jpg,Mpox,38,38,train
52,data/images/Mpox/Train_MKP_99_01.jpg,Mpox,46,46,train
53,data/images/Mpox/Train_MKP_64_07.jpg,Mpox,99,99,train
54,data/images/Mpox/Train_MKP_86_04.jpg,Mpox,80,80,train
55,data/images/Mpox/Valid_MKP_40_01.jpg,Mpox,98,98,train
56,data/images/Mpox/Valid_MKP_105_01.jpg,Mpox,37,37,train
57,data/images/Mpox/Train_MKP_48_01.jpg,Mpox,68,68,train
58,data/images/Mpox/Valid_MKP_93_02.jpg,Mpox,95,95,train
59,data/images/Mpox/Train_MKP_09_04.jpg,Mpox,65,65,train
60,data/images/Mpox/Train_MKP_108_02.jpg,Mpox,84,84,train
61,data/images/Mpox/Train_MKP_132_01.jpg,Mpox,68,68,train
62,data/images/Mpox/Train_MKP_73_02.jpg,Mpox,70,70,train
63,data/images/Mpox/Train_MKP_97_01.jpg,Mpox,38,38,train
64,data/images/Mpox/Train_MKP_58_04.jpg,Mpox,87,87,train
65,data/images/Mpox/Train_MKP_143_01.jpg,Mpox,13,13,train
66,data/images/Mpox/Train_MKP_58_13.jpg,Mpox,57,57,train
67,data/images/Mpox/Train_MKP_51_02.jpg,Mpox,72,72,train
68,data/images/Mpox/Test_MKP_71_04.jpg,Mpox,84,84,train
69,data/images/Mpox/Train_MKP_43_02.jpg,Mpox,52,52,train
70,data/images/Mpox/Train_MKP_47_01.jpg,Mpox,37,37,train
71,data/images/Mpox/Train_MKP_17_01.jpg,Mpox,31,31,train
72,data/images/Mpox/Train_MKP_53_01.jpg,Mpox,42,42,train
73,data/images/Mpox/Train_MKP_115_01.jpg,Mpox,48,48,train
74,data/images/Mpox/Train_MKP_72_03.jpg,Mpox,71,71,train
75,data/images/Mpox/Train_MKP_75_05.jpg,Mpox,88,88,train
76,data/images/Mpox/Valid_MKP_119_01.jpg,Mpox,7,7,train
77,data/images/Mpox/Train_MKP_63_02.jpg,Mpox,93,93,train
78,data/images/Mpox/Train_MKP_14_01.jpg,Mpox,53,53,train
79,data/images/Mpox/Train_MKP_83_04.jpg,Mpox,35,35,train
80,data/images/Mpox/Test_MKP_71_03.jpg,Mpox,67,67,train
81,data/images/Mpox/Train_MKP_21_02.jpg,Mpox,57,57,train
82,data/images/Mpox/Train_MKP_73_06.jpg,Mpox,25,25,train
83,data/images/Mpox/Valid_MKP_06_01.jpg,Mpox,32,32,train
84,data/images/Mpox/Train_MKP_56_02.jpg,Mpox,71,71,train
85,data/images/Mpox/Train_MKP_73_03.jpg,Mpox,59,59,train
86,data/images/Mpox/Train_MKP_106_01.jpg,Mpox,50,50,train
87,data/images/Mpox/Valid_MKP_23_01.jpg,Mpox,33,33,train
88,data/images/Mpox/Train_MKP_60_02.jpg,Mpox,76,76,train
89,data/images/Mpox/Train_MKP_64_08.jpg,Mpox,39,39,train
90,data/images/Mpox/Train_MKP_72_02.jpg,Mpox,32,32,train
91,data/images/Mpox/Train_MKP_135_01.jpg,Mpox,89,89,train
92,data/images/Mpox/Train_MKP_102_01.jpg,Mpox,26,26,train
93,data/images/Mpox/Train_MKP_01_02.jpg,Mpox,22,22,train
94,data/images/Mpox/Train_MKP_58_14.jpg,Mpox,71,71,train
95,data/images/Mpox/Train_MKP_36_01.jpg,Mpox,62,62,train
96,data/images/Mpox/Train_MKP_63_07.jpg,Mpox,4,4,train
97,data/images/Mpox/Test_MKP_24_02.jpg,Mpox,8,8,train
98,data/images/Mpox/Train_MKP_57_01.jpg,Mpox,37,37,train
99,data/images/Mpox/Train_MKP_108_03.jpg,Mpox,83,83,train
100,data/images/Mpox/Train_MKP_80_04.jpg,Mpox,40,40,train
101,data/images/Mpox/Train_MKP_01_03.jpg,Mpox,78,78,train
102,data/images/Mpox/Valid_MKP_39_01.jpg,Mpox,31,31,train
103,data/images/Mpox/Train_MKP_58_01.jpg,Mpox,23,23,train
104,data/images/Mpox/Train_MKP_12_01.jpg,Mpox,79,79,train
105,data/images/Mpox/Train_MKP_90_03.jpg,Mpox,87,87,train
106,data/images/Mpox/Train_MKP_78_01.jpg,Mpox,7,7,train
107,data/images/Mpox/Train_MKP_143_02.jpg,Mpox,5,5,train
108,data/images/Mpox/Train_MKP_01_01.jpg,Mpox,67,67,train
109,data/images/Mpox/Train_MKP_63_01.jpg,Mpox,33,33,train
110,data/images/Mpox/Valid_MKP_74_02.jpg,Mpox,57,57,train
111,data/images/Mpox/Train_MKP_124_02.jpg,Mpox,15,15,train
112,data/images/Mpox/Test_MKP_16_01.jpg,Mpox,86,86,train
113,data/images/Mpox/Valid_MKP_98_01.jpg,Mpox,45,45,train
114,data/images/Mpox/Test_MKP_111_01.jpg,Mpox,89,89,train
115,data/images/Mpox/Train_MKP_83_05.jpg,Mpox,79,79,train
116,data/images/Mpox/Train_MKP_07_01.jpg,Mpox,70,70,train
117,data/images/Mpox/Train_MKP_64_01.jpg,Mpox,23,23,train
118,data/images/Mpox/Train_MKP_72_01.jpg,Mpox,76,76,train
119,data/images/Mpox/Valid_MKP_109_01.jpg,Mpox,5,5,train
120,data/images/Mpox/Train_MKP_18_02.jpg,Mpox,57,57,train
121,data/images/Mpox/Train_MKP_124_01.jpg,Mpox,40,40,train
122,data/images/Mpox/Valid_MKP_123_01.jpg,Mpox,99,99,train
123,data/images/Mpox/Train_MKP_29_01.jpg,Mpox,19,19,train
124,data/images/Mpox/Test_MKP_28_01.jpg,Mpox,94,94,train
125,data/images/Mpox/Train_MKP_15_01.jpg,Mpox,9,9,train
126,data/images/Mpox/Train_MKP_49_03.jpg,Mpox,62,62,train
127,data/images/Mpox/Valid_MKP_142_03.jpg,Mpox,58,58,train
128,data/images/Mpox/Train_MKP_51_01.jpg,Mpox,89,89,train
129,data/images/Mpox/Train_MKP_61_02.jpg,Mpox,29,29,train
130,data/images/Mpox/Test_MKP_55_01.jpg,Mpox,90,90,train
131,data/images/Mpox/Train_MKP_32_01.jpg,Mpox,67,67,train
132,data/images/Mpox/Test_MKP_71_01.jpg,Mpox,89,89,train
133,data/images/Mpox/Train_MKP_63_09.jpg,Mpox,19,19,train
134,data/images/Mpox/Valid_MKP_25_01.jpg,Mpox,75,75,train
135,data/images/Mpox/Train_MKP_58_05.jpg,Mpox,94,94,train
136,data/images/Mpox/Train_MKP_42_02.jpg,Mpox,4,4,train
137,data/images/Mpox/Train_MKP_76_01.jpg,Mpox,36,36,train
138,data/images/Mpox/Train_MKP_43_03.jpg,Mpox,63,63,train
139,data/images/Mpox/Valid_MKP_142_04.jpg,Mpox,10,10,train
140,data/images/Mpox/Train_MKP_54_01.jpg,Mpox,51,51,train
141,data/images/Mpox/Train_MKP_134_01.jpg,Mpox,62,62,train
142,data/images/Mpox/Test_MKP_24_01.jpg,Mpox,76,76,train
143,data/images/Mpox/Train_MKP_17_02.jpg,Mpox,92,92,train
144,data/images/Mpox/Train_MKP_86_01.jpg,Mpox,40,40,train
145,data/images/Mpox/Train_MKP_03_01.jpg,Mpox,44,44,train
146,data/images/Mpox/Valid_MKP_45_01.jpg,Mpox,47,47,train
147,data/images/Mpox/Train_MKP_50_01.jpg,Mpox,95,95,train
148,data/images/Mpox/Valid_MKP_33_01.jpg,Mpox,19,19,train
149,data/images/Mpox/Train_MKP_75_01.jpg,Mpox,49,49,train
150,data/images/Mpox/Train_MKP_139_02.jpg,Mpox,4,4,train
151,data/images/Mpox/Valid_MKP_93_04.jpg,Mpox,42,42,train
152,data/images/Mpox/Train_MKP_11_01.jpg,Mpox,94,94,train
153,data/images/Mpox/Train_MKP_72_04.jpg,Mpox,62,62,train
154,data/images/Mpox/Test_MKP_38_01.jpg,Mpox,34,34,train
155,data/images/Mpox/Valid_MKP_20_01.jpg,Mpox,99,99,train
156,data/images/Mpox/Valid_MKP_93_03.jpg,Mpox,60,60,train
157,data/images/Mpox/Train_MKP_75_04.jpg,Mpox,94,94,train
158,data/images/Mpox/Train_MKP_133_01.jpg,Mpox,1,1,train
159,data/images/Mpox/Train_MKP_95_01.jpg,Mpox,46,46,train
160,data/images/Mpox/Train_MKP_73_04.jpg,Mpox,83,83,train
161,data/images/Mpox/Train_MKP_58_02.jpg,Mpox,75,75,train
162,data/images/Mpox/Test_MKP_38_02.jpg,Mpox,40,40,train
163,data/images/Mpox/Train_MKP_18_01.jpg,Mpox,49,49,train
164,data/images/Mpox/Test_MKP_26_02.jpg,Mpox,42,42,train
165,data/images/Mpox/Valid_MKP_81_01.jpg,Mpox,52,52,train
166,data/images/Mpox/Train_MKP_41_01.jpg,Mpox,23,23,train
167,data/images/Mpox/Train_MKP_83_06.jpg,Mpox,78,78,train
168,data/images/Mpox/Train_MKP_21_01.jpg,Mpox,7,7,train
169,data/images/Mpox/Train_MKP_52_01.jpg,Mpox,41,41,train
170,data/images/Mpox/Train_MKP_75_02.jpg,Mpox,28,28,train
171,data/images/Mpox/Valid_MKP_81_02.jpg,Mpox,73,73,train
172,data/images/Mpox/Train_MKP_113_03.jpg,Mpox,74,74,train
173,data/images/Mpox/Train_MKP_48_02.jpg,Mpox,71,71,train
174,data/images/Mpox/Valid_MKP_74_03.jpg,Mpox,92,92,train
175,data/images/Mpox/Train_MKP_56_01.jpg,Mpox,93,93,train
176,data/images/Mpox/Train_MKP_117_01.jpg,Mpox,18,18,train
177,data/images/Mpox/Train_MKP_58_06.jpg,Mpox,11,11,train
178,data/images/Mpox/Train_MKP_92_01.jpg,Mpox,13,13,train
179,data/images/Mpox/Valid_MKP_08_01.jpg,Mpox,72,72,train
180,data/images/Mpox/Test_MKP_69_02.jpg,Mpox,97,97,train
181,data/images/Mpox/Valid_MKP_88_03.jpg,Mpox,92,92,train
182,data/images/Mpox/Train_MKP_67_01.jpg,Mpox,66,66,train
183,data/images/Mpox/Train_MKP_113_02.jpg,Mpox,96,96,train
184,data/images/Mpox/Train_MKP_73_05.jpg,Mpox,87,87,train
185,data/images/Mpox/Train_MKP_78_04.jpg,Mpox,1,1,train
186,data/images/Mpox/Train_MKP_09_02.jpg,Mpox,11,11,train
187,data/images/Mpox/Train_MKP_60_01.jpg,Mpox,86,86,train
188,data/images/Mpox/Valid_MKP_88_01.jpg,Mpox,8,8,train
189,data/images/Mpox/Train_MKP_44_01.jpg,Mpox,98,98,train
190,data/images/Mpox/Train_MKP_50_02.jpg,Mpox,82,82,train
191,data/images/Mpox/Train_MKP_27_01.jpg,Mpox,95,95,train
192,data/images/Mpox/Train_MKP_108_01.jpg,Mpox,36,36,train
193,data/images/Mpox/Train_MKP_72_06.jpg,Mpox,14,14,train
194,data/images/Mpox/Train_MKP_58_11.jpg,Mpox,51,51,train
195,data/images/Mpox/Train_MKP_62_03.jpg,Mpox,97,97,train
196,data/images/Mpox/Train_MKP_112_01.jpg,Mpox,36,36,train
197,data/images/Mpox/Test_MKP_10_02.jpg,Mpox,88,88,validation
198,data/images/Mpox/Train_MKP_80_05.jpg,Mpox,38,38,validation
199,data/images/Mpox/Train_MKP_90_01.jpg,Mpox,82,82,validation
200,data/images/Mpox/Valid_MKP_34_03.jpg,Mpox,22,22,validation
201,data/images/Mpox/Train_MKP_05_02.jpg,Mpox,47,47,validation
202,data/images/Mpox/Train_MKP_19_01.jpg,Mpox,32,32,validation
203,data/images/Mpox/Train_MKP_80_03.jpg,Mpox,23,23,validation
204,data/images/Mpox/Train_MKP_86_02.jpg,Mpox,89,89,validation
205,data/images/Mpox/Train_MKP_78_02.jpg,Mpox,80,80,validation
206,data/images/Mpox/Train_MKP_58_08.jpg,Mpox,13,13,validation
207,data/images/Mpox/Train_MKP_49_02.jpg,Mpox,92,92,validation
208,data/images/Mpox/Train_MKP_90_02.jpg,Mpox,97,97,validation
209,data/images/Mpox/Train_MKP_09_01.jpg,Mpox,26,26,validation
210,data/images/Mpox/Train_MKP_78_06.jpg,Mpox,42,42,validation
211,data/images/Mpox/Valid_MKP_34_02.jpg,Mpox,53,53,validation
212,data/images/Mpox/Train_MKP_78_05.jpg,Mpox,65,65,validation
213,data/images/Mpox/Train_MKP_114_01.jpg,Mpox,44,44,validation
214,data/images/Mpox/Train_MKP_75_06.jpg,Mpox,14,14,validation
215,data/images/Mpox/Test_MKP_71_02.jpg,Mpox,93,93,validation
216,data/images/Mpox/Test_MKP_138_02.jpg,Mpox,69,69,validation
217,data/images/Mpox/Train_MKP_87_03.jpg,Mpox,4,4,validation
218,data/images/Mpox/Valid_MKP_142_08.jpg,Mpox,81,81,validation
219,data/images/Mpox/Train_MKP_46_02.jpg,Mpox,73,73,validation
220,data/images/Mpox/Test_MKP_69_03.jpg,Mpox,18,18,validation
221,data/images/Mpox/Train_MKP_05_01.jpg,Mpox,61,61,validation
222,data/images/Mpox/Train_MKP_35_01.jpg,Mpox,50,50,validation
223,data/images/Mpox/Train_MKP_13_01.jpg,Mpox,2,2,validation
224,data/images/Mpox/Train_MKP_58_12.jpg,Mpox,92,92,validation
225,data/images/Mpox/Train_MKP_107_01.jpg,Mpox,71,71,validation
226,data/images/Mpox/Train_MKP_87_02.jpg,Mpox,31,31,validation
227,data/images/Mpox/Train_MKP_96_01.jpg,Mpox,1,1,test
228,data/images/Mpox/Train_MKP_126_01.jpg,Mpox,9,9,test
229,data/images/Mpox/Train_MKP_04_01.jpg,Mpox,75,75,test
230,data/images/Mpox/Train_MKP_101_01.jpg,Mpox,14,14,test
231,data/images/Mpox/Train_MKP_49_01.jpg,Mpox,51,51,test
232,data/images/Mpox/Valid_MKP_142_02.jpg,Mpox,89,89,test
233,data/images/Mpox/Train_MKP_32_03.jpg,Mpox,92,92,test
234,data/images/Mpox/Train_MKP_66_01.jpg,Mpox,26,26,test
235,data/images/Mpox/Valid_MKP_70_01.jpg,Mpox,6,6,test
236,data/images/Mpox/Train_MKP_63_08.jpg,Mpox,49,49,test
237,data/images/Mpox/Valid_MKP_119_02.jpg,Mpox,84,84,test
238,data/images/Mpox/Train_MKP_48_03.jpg,Mpox,62,62,test
239,data/images/Mpox/Test_MKP_26_01.jpg,Mpox,6,6,test
240,data/images/Mpox/Valid_MKP_20_02.jpg,Mpox,65,65,test
241,data/images/Mpox/Train_MKP_90_04.jpg,Mpox,34,34,test
242,data/images/Mpox/Valid_MKP_110_01.jpg,Mpox,22,22,test
243,data/images/Mpox/Train_MKP_43_01.jpg,Mpox,43,43,test
244,data/images/Mpox/Train_MKP_80_01.jpg,Mpox,87,87,test
245,data/images/Mpox/Test_MKP_28_03.jpg,Mpox,96,96,test
246,data/images/Mpox/Train_MKP_72_07.jpg,Mpox,14,14,test
247,data/images/Mpox/Train_MKP_37_01.jpg,Mpox,56,56,test
248,data/images/Mpox/Valid_MKP_34_01.jpg,Mpox,76,76,test
249,data/images/Mpox/Train_MKP_29_02.jpg,Mpox,25,25,test
250,data/images/Mpox/Train_MKP_22_01.jpg,Mpox,27,27,test
251,data/images/Mpox/Train_MKP_73_01.jpg,Mpox,24,24,test
252,data/images/Mpox/Train_MKP_64_02.jpg,Mpox,20,20,test
253,data/images/Mpox/Test_MKP_118_01.jpg,Mpox,88,88,test
254,data/images/Mpox/Train_MKP_02_02.jpg,Mpox,21,21,test
255,data/images/Mpox/Train_MKP_58_07.jpg,Mpox,22,22,test
256,data/images/Mpox/Test_MKP_141_01.jpg,Mpox,12,12,test
257,data/images/Mpox/Train_MKP_79_01.jpg,Mpox,12,12,test
258,data/images/Mpox/Test_MKP_69_01.jpg,Mpox,77,77,test
259,data/images/Mpox/Valid_MKP_142_05.jpg,Mpox,28,28,test
260,data/images/Mpox/Train_MKP_64_06.jpg,Mpox,80,80,test
261,data/images/Mpox/Train_MKP_63_05.jpg,Mpox,58,58,test
262,data/images/Mpox/Train_MKP_100_01.jpg,Mpox,85,85,test
263,data/images/Mpox/Valid_MKP_33_02.jpg,Mpox,55,55,test
264,data/images/Mpox/Train_MKP_63_03.jpg,Mpox,76,76,test
265,data/images/Mpox/Train_MKP_116_01.jpg,Mpox,80,80,test
266,data/images/Mpox/Valid_MKP_93_01.jpg,Mpox,6,6,test
267,data/images/Mpox/Train_MKP_50_03.jpg,Mpox,56,56,test
268,data/images/Mpox/Valid_MKP_82_01.jpg,Mpox,45,45,test
269,data/images/Mpox/Train_MKP_35_02.jpg,Mpox,28,28,test
270,data/images/Mpox/Train_MKP_32_02.jpg,Mpox,45,45,test
271,data/images/Mpox/Train_MKP_78_03.jpg,Mpox,41,41,test
272,data/images/Mpox/Train_MKP_86_03.jpg,Mpox,49,49,test
273,data/images/Mpox/Valid_MKP_142_07.jpg,Mpox,81,81,test
274,data/images/Mpox/Train_MKP_72_08.jpg,Mpox,82,82,test
275,data/images/Mpox/Valid_MKP_25_02.jpg,Mpox,62,62,test
276,data/images/Mpox/Train_MKP_139_01.jpg,Mpox,71,71,test
277,data/images/Mpox/Train_MKP_87_01.jpg,Mpox,95,95,test
278,data/images/Mpox/Train_MKP_64_05.jpg,Mpox,63,63,test
279,data/images/Mpox/Train_MKP_64_04.jpg,Mpox,36,36,test
280,data/images/Mpox/Train_MKP_62_01.jpg,Mpox,8,8,test
281,data/images/Mpox/Valid_MKP_74_01.jpg,Mpox,55,55,test
282,data/images/Mpox/Train_MKP_76_02.jpg,Mpox,23,23,test
283,data/images/Mpox/Train_MKP_58_10.jpg,Mpox,59,59,test
284,data/images/Chickenpox/Train_CHP_16_01.jpg,Chickenpox,54,154,train
285,data/images/Chickenpox/Train_CHP_04_05.jpg,Chickenpox,37,137,train
286,data/images/Chickenpox/Train_CHP_41_01.jpg,Chickenpox,90,190,train
287,data/images/Chickenpox/Train_CHP_38_01.jpg,Chickenpox,1,101,train
288,data/images/Chickenpox/Train_CHP_33_01.jpg,Chickenpox,86,186,train
289,data/images/Chickenpox/Test_CHP_48_01.jpg,Chickenpox,32,132,train
290,data/images/Chickenpox/Train_CHP_37_01.jpg,Chickenpox,75,175,train
291,data/images/Chickenpox/Train_CHP_61_01.jpg,Chickenpox,38,138,train
292,data/images/Chickenpox/Train_CHP_39_01.jpg,Chickenpox,66,166,train
293,data/images/Chickenpox/Train_CHP_04_01.jpg,Chickenpox,79,179,train
294,data/images/Chickenpox/Train_CHP_44_01.jpg,Chickenpox,48,148,train
295,data/images/Chickenpox/Test_CHP_34_01.jpg,Chickenpox,40,140,train
296,data/images/Chickenpox/Valid_CHP_47_01.jpg,Chickenpox,26,126,train
297,data/images/Chickenpox/Train_CHP_04_03.jpg,Chickenpox,89,189,train
298,data/images/Chickenpox/Train_CHP_42_01.jpg,Chickenpox,36,136,train
299,data/images/Chickenpox/Valid_CHP_07_01.jpg,Chickenpox,52,152,train
300,data/images/Chickenpox/Train_CHP_11_01.jpg,Chickenpox,31,131,train
301,data/images/Chickenpox/Train_CHP_29_01.jpg,Chickenpox,25,125,train
302,data/images/Chickenpox/Train_CHP_60_01.jpg,Chickenpox,80,180,train
303,data/images/Chickenpox/Train_CHP_27_01.jpg,Chickenpox,67,167,train
304,data/images/Chickenpox/Train_CHP_52_02.jpg,Chickenpox,59,159,train
305,data/images/Chickenpox/Valid_CHP_57_01.jpg,Chickenpox,74,174,train
306,data/images/Chickenpox/Test_CHP_25_01.jpg,Chickenpox,16,116,train
307,data/images/Chickenpox/Train_CHP_17_01.jpg,Chickenpox,47,147,train
308,data/images/Chickenpox/Valid_CHP_32_01.jpg,Chickenpox,72,172,train
309,data/images/Chickenpox/Train_CHP_51_01.jpg,Chickenpox,50,150,train
310,data/images/Chickenpox/Train_CHP_30_01.jpg,Chickenpox,27,127,train
311,data/images/Chickenpox/Train_CHP_05_01.jpg,Chickenpox,41,141,train
312,data/images/Chickenpox/Train_CHP_10_01.jpg,Chickenpox,60,160,train
313,data/images/Chickenpox/Train_CHP_28_01.jpg,Chickenpox,28,128,train
314,data/images/Chickenpox/Train_CHP_18_01.jpg,Chickenpox,12,112,train
315,data/images/Chickenpox/Valid_CHP_15_01.jpg,Chickenpox,73,173,train
316,data/images/Chickenpox/Train_CHP_56_01.jpg,Chickenpox,88,188,train
317,data/images/Chickenpox/Test_CHP_19_01.jpg,Chickenpox,2,102,train
318,data/images/Chickenpox/Valid_CHP_24_01.jpg,Chickenpox,5,105,train
319,data/images/Chickenpox/Valid_CHP_58_01.jpg,Chickenpox,44,144,train
320,data/images/Chickenpox/Train_CHP_09_01.jpg,Chickenpox,29,129,train
321,data/images/Chickenpox/Train_CHP_55_01.jpg,Chickenpox,53,153,train
322,data/images/Chickenpox/Test_CHP_08_01.jpg,Chickenpox,55,155,train
323,data/images/Chickenpox/Valid_CHP_06_01.jpg,Chickenpox,3,103,train
324,data/images/Chickenpox/Test_CHP_49_01.jpg,Chickenpox,0,100,train
325,data/images/Chickenpox/Valid_CHP_06_02.jpg,Chickenpox,43,143,train
326,data/images/Chickenpox/Train_CHP_52_01.jpg,Chickenpox,70,170,train
327,data/images/Chickenpox/Train_CHP_45_01.jpg,Chickenpox,22,122,train
328,data/images/Chickenpox/Test_CHP_14_02.jpg,Chickenpox,91,191,train
329,data/images/Chickenpox/Train_CHP_01_01.jpg,Chickenpox,63,163,train
330,data/images/Chickenpox/Train_CHP_03_01.jpg,Chickenpox,24,124,validation
331,data/images/Chickenpox/Train_CHP_22_01.jpg,Chickenpox,39,139,validation
332,data/images/Chickenpox/Train_CHP_62_01.jpg,Chickenpox,13,113,validation
333,data/images/Chickenpox/Train_CHP_04_02.jpg,Chickenpox,23,123,validation
334,data/images/Chickenpox/Train_CHP_26_01.jpg,Chickenpox,51,151,validation
335,data/images/Chickenpox/Train_CHP_46_01.jpg,Chickenpox,83,183,validation
336,data/images/Chickenpox/Train_CHP_43_01.jpg,Chickenpox,97,197,validation
337,data/images/Chickenpox/Train_CHP_59_01.jpg,Chickenpox,20,120,validation
338,data/images/Chickenpox/Valid_CHP_40_01.jpg,Chickenpox,96,196,validation
339,data/images/Chickenpox/Train_CHP_31_01.jpg,Chickenpox,94,194,validation
340,data/images/Chickenpox/Train_CHP_21_01.jpg,Chickenpox,7,107,validation
341,data/images/Chickenpox/Valid_CHP_53_01.jpg,Chickenpox,58,158,validation
342,data/images/Chickenpox/Train_CHP_20_01.jpg,Chickenpox,84,184,validation
343,data/images/Chickenpox/Train_CHP_51_02.jpg,Chickenpox,78,178,validation
344,data/images/Chickenpox/Valid_CHP_02_01.jpg,Chickenpox,49,149,test
345,data/images/Chickenpox/Train_CHP_12_01.jpg,Chickenpox,33,133,test
346,data/images/Chickenpox/Test_CHP_08_02.jpg,Chickenpox,21,121,test
347,data/images/Chickenpox/Valid_CHP_47_02.jpg,Chickenpox,77,177,test
348,data/images/Chickenpox/Train_CHP_23_01.jpg,Chickenpox,98,198,test
349,data/images/Chickenpox/Valid_CHP_50_01.jpg,Chickenpox,4,104,test
350,data/images/Chickenpox/Train_CHP_35_01.jpg,Chickenpox,69,169,test
351,data/images/Chickenpox/Train_CHP_54_01.jpg,Chickenpox,30,130,test
352,data/images/Chickenpox/Valid_CHP_15_02.jpg,Chickenpox,34,134,test
353,data/images/Chickenpox/Test_CHP_14_01.jpg,Chickenpox,64,164,test
354,data/images/Chickenpox/Train_CHP_04_04.jpg,Chickenpox,42,142,test
355,data/images/Chickenpox/Train_CHP_54_02.jpg,Chickenpox,92,192,test
356,data/images/Chickenpox/Train_CHP_16_02.jpg,Chickenpox,87,187,test
357,data/images/Chickenpox/Train_CHP_13_01.jpg,Chickenpox,71,171,test
358,data/images/Chickenpox/Valid_CHP_02_02.jpg,Chickenpox,81,181,test
359,data/images/Measles/Train_MSL_40_02.jpg,Measles,12,212,train
360,data/images/Measles/Train_MSL_17_01.jpg,Measles,53,253,train
361,data/images/Measles/Valid_MSL_32_01.jpg,Measles,10,210,train
362,data/images/Measles/Valid_MSL_08_02.jpg,Measles,7,207,train
363,data/images/Measles/Train_MSL_27_01.jpg,Measles,43,243,train
364,data/images/Measles/Train_MSL_22_01.jpg,Measles,92,292,train
365,data/images/Measles/Valid_MSL_08_01.jpg,Measles,2,202,train
366,data/images/Measles/Test_MSL_23_01.jpg,Measles,34,234,train
367,data/images/Measles/Train_MSL_24_01.jpg,Measles,54,254,train
368,data/images/Measles/Test_MSL_21_01.jpg,Measles,93,293,train
369,data/images/Measles/Valid_MSL_14_01.jpg,Measles,79,279,train
370,data/images/Measles/Train_MSL_09_02.jpg,Measles,96,296,train
371,data/images/Measles/Train_MSL_40_01.jpg,Measles,15,215,train
372,data/images/Measles/Train_MSL_28_02.jpg,Measles,6,206,train
373,data/images/Measles/Train_MSL_19_01.jpg,Measles,64,264,train
374,data/images/Measles/Train_MSL_30_01.jpg,Measles,87,287,train
375,data/images/Measles/Train_MSL_18_01.jpg,Measles,4,204,train
376,data/images/Measles/Test_MSL_23_02.jpg,Measles,16,216,train
377,data/images/Measles/Train_MSL_39_01.jpg,Measles,33,233,train
378,data/images/Measles/Valid_MSL_07_01.jpg,Measles,39,239,train
379,data/images/Measles/Train_MSL_46_01.jpg,Measles,59,259,train
380,data/images/Measles/Train_MSL_06_01.jpg,Measles,42,242,train
381,data/images/Measles/Test_MSL_16_01.jpg,Measles,1,201,train
382,data/images/Measles/Valid_MSL_25_01.jpg,Measles,25,225,train
383,data/images/Measles/Train_MSL_43_01.jpg,Measles,49,249,train
384,data/images/Measles/Train_MSL_31_01.jpg,Measles,63,263,train
385,data/images/Measles/Train_MSL_01_02.jpg,Measles,11,211,train
386,data/images/Measles/Train_MSL_36_01.jpg,Measles,22,222,train
387,data/images/Measles/Train_MSL_05_03.jpg,Measles,18,218,train
388,data/images/Measles/Test_MSL_44_01.jpg,Measles,71,271,train
389,data/images/Measles/Train_MSL_03_01.jpg,Measles,24,224,train
390,data/images/Measles/Train_MSL_05_01.jpg,Measles,46,246,train
391,data/images/Measles/Train_MSL_09_01.jpg,Measles,40,240,train
392,data/images/Measles/Train_MSL_05_02.jpg,Measles,91,291,train
393,data/images/Measles/Test_MSL_42_01.jpg,Measles,45,245,train
394,data/images/Measles/Valid_MSL_41_02.jpg,Measles,52,252,train
395,data/images/Measles/Valid_MSL_08_03.jpg,Measles,84,284,validation
396,data/images/Measles/Valid_MSL_04_01.jpg,Measles,82,282,validation
397,data/images/Measles/Train_MSL_11_01.jpg,Measles,8,208,validation
398,data/images/Measles/Valid_MSL_41_01.jpg,Measles,58,258,validation
399,data/images/Measles/Train_MSL_01_01.jpg,Measles,32,232,validation
400,data/images/Measles/Train_MSL_35_01.jpg,Measles,61,261,validation
401,data/images/Measles/Train_MSL_34_01.jpg,Measles,99,299,validation
402,data/images/Measles/Train_MSL_33_01.jpg,Measles,81,281,validation
403,data/images/Measles/Train_MSL_26_01.jpg,Measles,47,247,test
404,data/images/Measles/Valid_MSL_37_01.jpg,Measles,29,229,test
405,data/images/Measles/Train_MSL_02_01.jpg,Measles,86,286,test
406,data/images/Measles/Train_MSL_15_01.jpg,Measles,98,298,test
407,data/images/Measles/Train_MSL_10_01.jpg,Measles,78,278,test
408,data/images/Measles/Train_MSL_45_01.jpg,Measles,77,277,test
409,data/images/Measles/Train_MSL_29_01.jpg,Measles,48,248,test
410,data/images/Measles/Train_MSL_38_01.jpg,Measles,57,257,test
411,data/images/Measles/Valid_MSL_12_01.jpg,Measles,17,217,test
412,data/images/Measles/Train_MSL_20_01.jpg,Measles,88,288,test
413,data/images/Measles/Train_MSL_28_01.jpg,Measles,90,290,test
414,data/images/Cowpox/Test_CWP_40_03.jpg,Cowpox,30,330,train
415,data/images/Cowpox/Train_CWP_17_01.jpg,Cowpox,29,329,train
416,data/images/Cowpox/Train_CWP_33_07.jpg,Cowpox,82,382,train
417,data/images/Cowpox/Test_CWP_40_02.jpg,Cowpox,47,347,train
418,data/images/Cowpox/Train_CWP_41_03.jpg,Cowpox,85,385,train
419,data/images/Cowpox/Train_CWP_33_02.jpg,Cowpox,80,380,train
420,data/images/Cowpox/Train_CWP_33_01.jpg,Cowpox,10,310,train
421,data/images/Cowpox/Train_CWP_33_04.jpg,Cowpox,75,375,train
422,data/images/Cowpox/Train_CWP_37_08.jpg,Cowpox,38,338,train
423,data/images/Cowpox/Valid_CWP_05_02.jpg,Cowpox,40,340,train
424,data/images/Cowpox/Train_CWP_03_01.jpg,Cowpox,61,361,train
425,data/images/Cowpox/Train_CWP_38_01.jpg,Cowpox,48,348,train
426,data/images/Cowpox/Train_CWP_07_01.jpg,Cowpox,68,368,train
427,data/images/Cowpox/Test_CWP_40_01.jpg,Cowpox,73,373,train
428,data/images/Cowpox/Test_CWP_30_01.jpg,Cowpox,11,311,train
429,data/images/Cowpox/Train_CWP_41_02.jpg,Cowpox,19,319,train
430,data/images/Cowpox/Train_CWP_04_01.jpg,Cowpox,12,312,train
431,data/images/Cowpox/Train_CWP_34_01.jpg,Cowpox,53,353,train
432,data/images/Cowpox/Train_CWP_37_03.jpg,Cowpox,42,342,train
433,data/images/Cowpox/Train_CWP_20_01.jpg,Cowpox,84,384,train
434,data/images/Cowpox/Valid_CWP_31_01.jpg,Cowpox,5,305,train
435,data/images/Cowpox/Train_CWP_12_01.jpg,Cowpox,46,346,train
436,data/images/Cowpox/Train_CWP_38_02.jpg,Cowpox,25,325,train
437,data/images/Cowpox/Test_CWP_09_01.jpg,Cowpox,59,359,train
438,data/images/Cowpox/Train_CWP_13_01.jpg,Cowpox,50,350,train
439,data/images/Cowpox/Train_CWP_37_05.jpg,Cowpox,15,315,train
440,data/images/Cowpox/Valid_CWP_05_01.jpg,Cowpox,7,307,train
441,data/images/Cowpox/Train_CWP_19_01.jpg,Cowpox,79,379,train
442,data/images/Cowpox/Train_CWP_29_02.jpg,Cowpox,1,301,train
443,data/images/Cowpox/Valid_CWP_23_01.jpg,Cowpox,94,394,train
444,data/images/Cowpox/Train_CWP_15_01.jpg,Cowpox,89,389,train
445,data/images/Cowpox/Train_CWP_06_01.jpg,Cowpox,72,372,train
446,data/images/Cowpox/Test_CWP_40_04.jpg,Cowpox,21,321,train
447,data/images/Cowpox/Train_CWP_33_05.jpg,Cowpox,71,371,train
448,data/images/Cowpox/Train_CWP_37_01.jpg,Cowpox,91,391,train
449,data/images/Cowpox/Train_CWP_26_01.jpg,Cowpox,39,339,train
450,data/images/Cowpox/Train_CWP_41_01.jpg,Cowpox,3,303,train
451,data/images/Cowpox/Valid_CWP_32_01.jpg,Cowpox,92,392,train
452,data/images/Cowpox/Valid_CWP_27_01.jpg,Cowpox,2,302,train
453,data/images/Cowpox/Train_CWP_33_03.jpg,Cowpox,0,300,train
454,data/images/Cowpox/Train_CWP_01_01.jpg,Cowpox,44,344,validation
455,data/images/Cowpox/Train_CWP_33_06.jpg,Cowpox,20,320,validation
456,data/images/Cowpox/Train_CWP_10_01.jpg,Cowpox,28,328,validation
457,data/images/Cowpox/Train_CWP_14_01.jpg,Cowpox,52,352,validation
458,data/images/Cowpox/Train_CWP_35_01.jpg,Cowpox,60,360,validation
459,data/images/Cowpox/Train_CWP_37_02.jpg,Cowpox,8,308,validation
460,data/images/Cowpox/Train_CWP_01_02.jpg,Cowpox,54,354,validation
461,data/images/Cowpox/Train_CWP_37_07.jpg,Cowpox,6,306,validation
462,data/images/Cowpox/Train_CWP_29_01.jpg,Cowpox,55,355,validation
463,data/images/Cowpox/Train_CWP_37_09.jpg,Cowpox,98,398,validation
464,data/images/Cowpox/Train_CWP_28_01.jpg,Cowpox,26,326,validation
465,data/images/Cowpox/Train_CWP_37_06.jpg,Cowpox,33,333,validation
466,data/images/Cowpox/Train_CWP_16_01.jpg,Cowpox,43,343,validation
467,data/images/Cowpox/Valid_CWP_22_01.jpg,Cowpox,37,337,test
468,data/images/Cowpox/Train_CWP_37_04.jpg,Cowpox,27,327,test
469,data/images/Cowpox/Train_CWP_39_01.jpg,Cowpox,93,393,test
470,data/images/Cowpox/Train_CWP_21_01.jpg,Cowpox,31,331,test
471,data/images/Cowpox/Train_CWP_36_01.jpg,Cowpox,64,364,test
472,data/images/Cowpox/Valid_CWP_18_01.jpg,Cowpox,81,381,test
473,data/images/Cowpox/Train_CWP_11_01.jpg,Cowpox,49,349,test
474,data/images/Cowpox/Valid_CWP_22_02.jpg,Cowpox,18,318,test
475,data/images/Cowpox/Test_CWP_02_01.jpg,Cowpox,83,383,test
476,data/images/Cowpox/Train_CWP_25_01.jpg,Cowpox,24,324,test
477,data/images/Cowpox/Train_CWP_24_01.jpg,Cowpox,34,334,test
478,data/images/Cowpox/Valid_CWP_08_01.jpg,Cowpox,62,362,test
479,data/images/Cowpox/Train_CWP_28_02.jpg,Cowpox,76,376,test
480,data/images/HFMD/Train_HFMD_57_04.jpg,HFMD,78,478,train
481,data/images/HFMD/Train_HFMD_142_01.jpg,HFMD,3,403,train
482,data/images/HFMD/Valid_HFMD_122_01.jpg,HFMD,55,455,train
483,data/images/HFMD/Valid_HFMD_20_02.jpg,HFMD,66,466,train
484,data/images/HFMD/Train_HFMD_40_01.jpg,HFMD,22,422,train
485,data/images/HFMD/Train_HFMD_52_01.jpg,HFMD,78,478,train
486,data/images/HFMD/Train_HFMD_69_03.jpg,HFMD,55,455,train
487,data/images/HFMD/Train_HFMD_35_01.jpg,HFMD,41,441,train
488,data/images/HFMD/Train_HFMD_121_01.jpg,HFMD,1,401,train
489,data/images/HFMD/Test_HFMD_29_01.jpg,HFMD,13,413,train
490,data/images/HFMD/Train_HFMD_36_01.jpg,HFMD,71,471,train
491,data/images/HFMD/Train_HFMD_72_01.jpg,HFMD,40,440,train
492,data/images/HFMD/Train_HFMD_93_01.jpg,HFMD,71,471,train
493,data/images/HFMD/Train_HFMD_62_01.jpg,HFMD,96,496,train
494,data/images/HFMD/Test_HFMD_49_01.jpg,HFMD,64,464,train
495,data/images/HFMD/Train_HFMD_98_01.jpg,HFMD,74,474,train
496,data/images/HFMD/Train_HFMD_135_01.jpg,HFMD,61,461,train
497,data/images/HFMD/Train_HFMD_118_01.jpg,HFMD,30,430,train
498,data/images/HFMD/Train_HFMD_57_02.jpg,HFMD,7,407,train
499,data/images/HFMD/Valid_HFMD_105_01.jpg,HFMD,61,461,train
500,data/images/HFMD/Train_HFMD_120_01.jpg,HFMD,24,424,train
501,data/images/HFMD/Valid_HFMD_123_01.jpg,HFMD,12,412,train
502,data/images/HFMD/Train_HFMD_119_01.jpg,HFMD,57,457,train
503,data/images/HFMD/Train_HFMD_86_01.jpg,HFMD,61,461,train
504,data/images/HFMD/Train_HFMD_24_01.jpg,HFMD,39,439,train
505,data/images/HFMD/Train_HFMD_54_01.jpg,HFMD,62,462,train
506,data/images/HFMD/Train_HFMD_33_01.jpg,HFMD,99,499,train
507,data/images/HFMD/Train_HFMD_66_01.jpg,HFMD,75,475,train
508,data/images/HFMD/Train_HFMD_134_01.jpg,HFMD,92,492,train
509,data/images/HFMD/Train_HFMD_06_01.jpg,HFMD,6,406,train
510,data/images/HFMD/Train_HFMD_90_01.jpg,HFMD,15,415,train
511,data/images/HFMD/Train_HFMD_88_01.jpg,HFMD,35,435,train
512,data/images/HFMD/Valid_HFMD_91_01.jpg,HFMD,58,458,train
513,data/images/HFMD/Train_HFMD_42_01.jpg,HFMD,69,469,train
514,data/images/HFMD/Test_HFMD_18_01.jpg,HFMD,69,469,train
515,data/images/HFMD/Train_HFMD_05_01.jpg,HFMD,90,490,train
516,data/images/HFMD/Train_HFMD_113_01.jpg,HFMD,13,413,train
517,data/images/HFMD/Train_HFMD_117_01.jpg,HFMD,17,417,train
518,data/images/HFMD/Valid_HFMD_77_01.jpg,HFMD,31,431,train
519,data/images/HFMD/Train_HFMD_26_01.jpg,HFMD,16,416,train
520,data/images/HFMD/Valid_HFMD_112_01.jpg,HFMD,71,471,train
521,data/images/HFMD/Test_HFMD_23_01.jpg,HFMD,41,441,train
522,data/images/HFMD/Train_HFMD_73_01.jpg,HFMD,90,490,train
523,data/images/HFMD/Train_HFMD_143_01.jpg,HFMD,28,428,train
524,data/images/HFMD/Valid_HFMD_50_01.jpg,HFMD,34,434,train
525,data/images/HFMD/Train_HFMD_46_01.jpg,HFMD,29,429,train
526,data/images/HFMD/Train_HFMD_25_01.jpg,HFMD,23,423,train
527,data/images/HFMD/Train_HFMD_92_01.jpg,HFMD,84,484,train
528,data/images/HFMD/Train_HFMD_22_01.jpg,HFMD,82,482,train
529,data/images/HFMD/Train_HFMD_99_01.jpg,HFMD,29,429,train
530,data/images/HFMD/Valid_HFMD_70_01.jpg,HFMD,58,458,train
531,data/images/HFMD/Train_HFMD_44_01.jpg,HFMD,87,487,train
532,data/images/HFMD/Test_HFMD_81_01.jpg,HFMD,47,447,train
533,data/images/HFMD/Train_HFMD_115_01.jpg,HFMD,90,490,train
534,data/images/HFMD/Valid_HFMD_59_01.jpg,HFMD,25,425,train
535,data/images/HFMD/Train_HFMD_16_03.jpg,HFMD,22,422,train
536,data/images/HFMD/Train_HFMD_117_02.jpg,HFMD,7,407,train
537,data/images/HFMD/Train_HFMD_102_01.jpg,HFMD,63,463,train
538,data/images/HFMD/Train_HFMD_66_02.jpg,HFMD,1,401,train
539,data/images/HFMD/Test_HFMD_09_01.jpg,HFMD,17,417,train
540,data/images/HFMD/Train_HFMD_114_01.jpg,HFMD,57,457,train
541,data/images/HFMD/Train_HFMD_05_02.jpg,HFMD,44,444,train
542,data/images/HFMD/Valid_HFMD_14_01.jpg,HFMD,19,419,train
543,data/images/HFMD/Train_HFMD_51_01.jpg,HFMD,51,451,train
544,data/images/HFMD/Train_HFMD_34_01.jpg,HFMD,97,497,train
545,data/images/HFMD/Train_HFMD_79_01.jpg,HFMD,98,498,train
546,data/images/HFMD/Train_HFMD_101_01.jpg,HFMD,10,410,train
547,data/images/HFMD/Valid_HFMD_74_02.jpg,HFMD,75,475,train
548,data/images/HFMD/Train_HFMD_12_01.jpg,HFMD,45,445,train
549,data/images/HFMD/Train_HFMD_02_01.jpg,HFMD,46,446,train
550,data/images/HFMD/Test_HFMD_130_01.jpg,HFMD,39,439,train
551,data/images/HFMD/Train_HFMD_17_01.jpg,HFMD,83,483,train
552,data/images/HFMD/Test_HFMD_84_02.jpg,HFMD,23,423,train
553,data/images/HFMD/Train_HFMD_55_01.jpg,HFMD,58,458,train
554,data/images/HFMD/Train_HFMD_39_01.jpg,HFMD,74,474,train
555,data/images/HFMD/Test_HFMD_125_01.jpg,HFMD,41,441,train
556,data/images/HFMD/Train_HFMD_129_01.jpg,HFMD,64,464,train
557,data/images/HFMD/Train_HFMD_63_02.jpg,HFMD,11,411,train
558,data/images/HFMD/Valid_HFMD_04_01.jpg,HFMD,72,472,train
559,data/images/HFMD/Train_HFMD_114_02.jpg,HFMD,30,430,train
560,data/images/HFMD/Train_HFMD_131_01.jpg,HFMD,8,408,train
561,data/images/HFMD/Train_HFMD_69_02.jpg,HFMD,29,429,train
562,data/images/HFMD/Train_HFMD_124_01.jpg,HFMD,35,435,train
563,data/images/HFMD/Test_HFMD_139_01.jpg,HFMD,64,464,train
564,data/images/HFMD/Train_HFMD_111_01.jpg,HFMD,51,451,train
565,data/images/HFMD/Valid_HFMD_20_01.jpg,HFMD,83,483,train
566,data/images/HFMD/Train_HFMD_37_01.jpg,HFMD,42,442,train
567,data/images/HFMD/Valid_HFMD_127_01.jpg,HFMD,88,488,train
568,data/images/HFMD/Test_HFMD_132_01.jpg,HFMD,4,404,train
569,data/images/HFMD/Valid_HFMD_67_01.jpg,HFMD,32,432,train
570,data/images/HFMD/Train_HFMD_38_01.jpg,HFMD,19,419,train
571,data/images/HFMD/Train_HFMD_08_01.jpg,HFMD,38,438,train
572,data/images/HFMD/Train_HFMD_78_01.jpg,HFMD,94,494,train
573,data/images/HFMD/Train_HFMD_71_01.jpg,HFMD,13,413,train
574,data/images/HFMD/Valid_HFMD_80_01.jpg,HFMD,16,416,train
575,data/images/HFMD/Train_HFMD_15_01.jpg,HFMD,40,440,train
576,data/images/HFMD/Train_HFMD_13_01.jpg,HFMD,85,485,train
577,data/images/HFMD/Train_HFMD_97_01.jpg,HFMD,0,400,train
578,data/images/HFMD/Train_HFMD_57_05.jpg,HFMD,82,482,train
579,data/images/HFMD/Train_HFMD_68_01.jpg,HFMD,77,477,train
580,data/images/HFMD/Train_HFMD_57_01.jpg,HFMD,39,439,train
581,data/images/HFMD/Train_HFMD_28_01.jpg,HFMD,4,404,train
582,data/images/HFMD/Train_HFMD_141_01.jpg,HFMD,46,446,train
583,data/images/HFMD/Train_HFMD_85_01.jpg,HFMD,70,470,train
584,data/images/HFMD/Train_HFMD_63_01.jpg,HFMD,82,482,train
585,data/images/HFMD/Train_HFMD_19_01.jpg,HFMD,15,415,train
586,data/images/HFMD/Train_HFMD_138_01.jpg,HFMD,68,468,train
587,data/images/HFMD/Train_HFMD_47_01.jpg,HFMD,55,455,train
588,data/images/HFMD/Test_HFMD_100_01.jpg,HFMD,83,483,train
589,data/images/HFMD/Train_HFMD_01_01.jpg,HFMD,71,471,train
590,data/images/HFMD/Valid_HFMD_76_01.jpg,HFMD,75,475,train
591,data/images/HFMD/Train_HFMD_83_01.jpg,HFMD,85,485,train
592,data/images/HFMD/Valid_HFMD_106_01.jpg,HFMD,69,469,train
593,data/images/HFMD/Train_HFMD_57_03.jpg,HFMD,39,439,validation
594,data/images/HFMD/Train_HFMD_137_01.jpg,HFMD,91,491,validation
595,data/images/HFMD/Train_HFMD_03_01.jpg,HFMD,55,455,validation
596,data/images/HFMD/Valid_HFMD_48_01.jpg,HFMD,82,482,validation
597,data/images/HFMD/Test_HFMD_60_01.jpg,HFMD,10,410,validation
598,data/images/HFMD/Train_HFMD_30_01.jpg,HFMD,17,417,validation
599,data/images/HFMD/Valid_HFMD_108_01.jpg,HFMD,54,454,validation
600,data/images/HFMD/Test_HFMD_84_01.jpg,HFMD,74,474,validation
601,data/images/HFMD/Train_HFMD_140_01.jpg,HFMD,95,495,validation
602,data/images/HFMD/Valid_HFMD_75_01.jpg,HFMD,8,408,validation
603,data/images/HFMD/Train_HFMD_31_01.jpg,HFMD,86,486,validation
604,data/images/HFMD/Train_HFMD_16_01.jpg,HFMD,42,442,validation
605,data/images/HFMD/Train_HFMD_103_01.jpg,HFMD,95,495,validation
606,data/images/HFMD/Train_HFMD_89_01.jpg,HFMD,39,439,validation
607,data/images/HFMD/Train_HFMD_65_01.jpg,HFMD,91,491,validation
608,data/images/HFMD/Train_HFMD_90_02.jpg,HFMD,20,420,validation
609,data/images/HFMD/Train_HFMD_128_01.jpg,HFMD,34,434,test
610,data/images/HFMD/Train_HFMD_87_01.jpg,HFMD,93,493,test
611,data/images/HFMD/Train_HFMD_10_01.jpg,HFMD,98,498,test
612,data/images/HFMD/Train_HFMD_82_01.jpg,HFMD,9,409,test
613,data/images/HFMD/Train_HFMD_21_01.jpg,HFMD,14,414,test
614,data/images/HFMD/Train_HFMD_94_01.jpg,HFMD,0,400,test
615,data/images/HFMD/Valid_HFMD_11_01.jpg,HFMD,93,493,test
616,data/images/HFMD/Train_HFMD_16_02.jpg,HFMD,32,432,test
617,data/images/HFMD/Train_HFMD_43_01.jpg,HFMD,53,453,test
618,data/images/HFMD/Test_HFMD_60_02.jpg,HFMD,99,499,test
619,data/images/HFMD/Train_HFMD_107_01.jpg,HFMD,83,483,test
620,data/images/HFMD/Train_HFMD_83_02.jpg,HFMD,26,426,test
621,data/images/HFMD/Train_HFMD_69_01.jpg,HFMD,37,437,test
622,data/images/HFMD/Train_HFMD_144_01.jpg,HFMD,83,483,test
623,data/images/HFMD/Test_HFMD_109_01.jpg,HFMD,49,449,test
624,data/images/HFMD/Train_HFMD_32_01.jpg,HFMD,17,417,test
625,data/images/HFMD/Train_HFMD_63_03.jpg,HFMD,94,494,test
626,data/images/HFMD/Train_HFMD_53_01.jpg,HFMD,58,458,test
627,data/images/HFMD/Train_HFMD_110_01.jpg,HFMD,77,477,test
628,data/images/HFMD/Train_HFMD_104_01.jpg,HFMD,95,495,test
629,data/images/HFMD/Train_HFMD_126_01.jpg,HFMD,61,461,test
630,data/images/HFMD/Valid_HFMD_64_01.jpg,HFMD,71,471,test
631,data/images/HFMD/Train_HFMD_136_01.jpg,HFMD,85,485,test
632,data/images/HFMD/Train_HFMD_96_01.jpg,HFMD,98,498,test
633,data/images/HFMD/Valid_HFMD_74_01.jpg,HFMD,53,453,test
634,data/images/HFMD/Valid_HFMD_95_01.jpg,HFMD,57,457,test
635,data/images/HFMD/Valid_HFMD_133_01.jpg,HFMD,66,466,test
636,data/images/HFMD/Valid_HFMD_56_01.jpg,HFMD,98,498,test
637,data/images/HFMD/Train_HFMD_27_01.jpg,HFMD,45,445,test
638,data/images/HFMD/Train_HFMD_116_01.jpg,HFMD,83,483,test
639,data/images/HFMD/Valid_HFMD_07_01.jpg,HFMD,27,427,test
640,data/images/HFMD/Train_HFMD_41_01.jpg,HFMD,77,477,test
641,data/images/Healthy/Train_HEALTHY_103_01.jpg,Healthy,11,511,train
642,data/images/Healthy/Train_HEALTHY_63_01.jpg,Healthy,88,588,train
643,data/images/Healthy/Train_HEALTHY_31_01.jpg,Healthy,34,534,train
644,data/images/Healthy/Valid_HEALTHY_38_01.jpg,Healthy,63,563,train
645,data/images/Healthy/Train_HEALTHY_45_01.jpg,Healthy,14,514,train
646,data/images/Healthy/Valid_HEALTHY_23_01.jpg,Healthy,35,535,train
647,data/images/Healthy/Train_HEALTHY_27_01.jpg,Healthy,9,509,train
648,data/images/Healthy/Valid_HEALTHY_28_01.jpg,Healthy,52,552,train
649,data/images/Healthy/Train_HEALTHY_46_01.jpg,Healthy,98,598,train
650,data/images/Healthy/Train_HEALTHY_96_01.jpg,Healthy,22,522,train
651,data/images/Healthy/Train_HEALTHY_05_01.jpg,Healthy,26,526,train
652,data/images/Healthy/Test_HEALTHY_11_01.jpg,Healthy,77,577,train
653,data/images/Healthy/Train_HEALTHY_10_01.jpg,Healthy,18,518,train
654,data/images/Healthy/Train_HEALTHY_25_01.jpg,Healthy,17,517,train
655,data/images/Healthy/Train_HEALTHY_35_01.jpg,Healthy,21,521,train
656,data/images/Healthy/Train_HEALTHY_87_01.jpg,Healthy,57,557,train
657,data/images/Healthy/Train_HEALTHY_70_01.jpg,Healthy,50,550,train
658,data/images/Healthy/Train_HEALTHY_47_01.jpg,Healthy,53,553,train
659,data/images/Healthy/Train_HEALTHY_99_01.jpg,Healthy,2,502,train
660,data/images/Healthy/Train_HEALTHY_97_01.jpg,Healthy,67,567,train
661,data/images/Healthy/Valid_HEALTHY_81_01.jpg,Healthy,31,531,train
662,data/images/Healthy/Train_HEALTHY_14_01.jpg,Healthy,76,576,train
663,data/images/Healthy/Train_HEALTHY_03_01.jpg,Healthy,83,583,train
664,data/images/Healthy/Train_HEALTHY_94_01.jpg,Healthy,10,510,train
665,data/images/Healthy/Valid_HEALTHY_64_01.jpg,Healthy,29,529,train
666,data/images/Healthy/Test_HEALTHY_98_01.jpg,Healthy,62,562,train
667,data/images/Healthy/Train_HEALTHY_86_01.jpg,Healthy,17,517,train
668,data/images/Healthy/Train_HEALTHY_80_01.jpg,Healthy,41,541,train
669,data/images/Healthy/Train_HEALTHY_91_01.jpg,Healthy,35,535,train
670,data/images/Healthy/Train_HEALTHY_59_01.jpg,Healthy,61,561,train
671,data/images/Healthy/Valid_HEALTHY_06_01.jpg,Healthy,74,574,train
672,data/images/Healthy/Train_HEALTHY_04_01.jpg,Healthy,69,569,train
673,data/images/Healthy/Train_HEALTHY_57_01.jpg,Healthy,31,531,train
674,data/images/Healthy/Valid_HEALTHY_92_01.jpg,Healthy,58,558,train
675,data/images/Healthy/Train_HEALTHY_26_02.jpg,Healthy,80,580,train
676,data/images/Healthy/Test_HEALTHY_68_01.jpg,Healthy,73,573,train
677,data/images/Healthy/Valid_HEALTHY_92_02.jpg,Healthy,78,578,train
678,data/images/Healthy/Valid_HEALTHY_76_01.jpg,Healthy,52,552,train
679,data/images/Healthy/Train_HEALTHY_84_01.jpg,Healthy,58,558,train
680,data/images/Healthy/Train_HEALTHY_33_01.jpg,Healthy,46,546,train
681,data/images/Healthy/Train_HEALTHY_48_01.jpg,Healthy,61,561,train
682,data/images/Healthy/Valid_HEALTHY_60_01.jpg,Healthy,28,528,train
683,data/images/Healthy/Train_HEALTHY_88_01.jpg,Healthy,45,545,train
684,data/images/Healthy/Train_HEALTHY_73_01.jpg,Healthy,22,522,train
685,data/images/Healthy/Train_HEALTHY_59_02.jpg,Healthy,50,550,train
686,data/images/Healthy/Valid_HEALTHY_08_01.jpg,Healthy,69,569,train
687,data/images/Healthy/Train_HEALTHY_49_01.jpg,Healthy,78,578,train
688,data/images/Healthy/Test_HEALTHY_79_01.jpg,Healthy,69,569,train
689,data/images/Healthy/Train_HEALTHY_101_01.jpg,Healthy,17,517,train
690,data/images/Healthy/Train_HEALTHY_58_01.jpg,Healthy,19,519,train
691,data/images/Healthy/Train_HEALTHY_52_01.jpg,Healthy,37,537,train
692,data/images/Healthy/Valid_HEALTHY_44_01.jpg,Healthy,97,597,train
693,data/images/Healthy/Train_HEALTHY_32_03.jpg,Healthy,2,502,train
694,data/images/Healthy/Train_HEALTHY_75_01.jpg,Healthy,67,567,train
695,data/images/Healthy/Train_HEALTHY_39_03.jpg,Healthy,29,529,train
696,data/images/Healthy/Train_HEALTHY_32_04.jpg,Healthy,53,553,train
697,data/images/Healthy/Train_HEALTHY_22_01.jpg,Healthy,8,508,train
698,data/images/Healthy/Train_HEALTHY_50_01.jpg,Healthy,84,584,train
699,data/images/Healthy/Train_HEALTHY_02_01.jpg,Healthy,87,587,train
700,data/images/Healthy/Train_HEALTHY_32_01.jpg,Healthy,48,548,train
701,data/images/Healthy/Train_HEALTHY_26_01.jpg,Healthy,77,577,train
702,data/images/Healthy/Train_HEALTHY_19_01.jpg,Healthy,47,547,train
703,data/images/Healthy/Train_HEALTHY_77_01.jpg,Healthy,72,572,train
704,data/images/Healthy/Train_HEALTHY_12_01.jpg,Healthy,25,525,train
705,data/images/Healthy/Test_HEALTHY_71_01.jpg,Healthy,31,531,train
706,data/images/Healthy/Train_HEALTHY_42_01.jpg,Healthy,15,515,train
707,data/images/Healthy/Train_HEALTHY_41_01.jpg,Healthy,45,545,train
708,data/images/Healthy/Test_HEALTHY_55_01.jpg,Healthy,71,571,train
709,data/images/Healthy/Train_HEALTHY_82_01.jpg,Healthy,78,578,train
710,data/images/Healthy/Train_HEALTHY_24_01.jpg,Healthy,84,584,train
711,data/images/Healthy/Train_HEALTHY_39_02.jpg,Healthy,19,519,train
712,data/images/Healthy/Train_HEALTHY_07_01.jpg,Healthy,67,567,train
713,data/images/Healthy/Train_HEALTHY_66_01.jpg,Healthy,27,527,train
714,data/images/Healthy/Train_HEALTHY_13_01.jpg,Healthy,36,536,train
715,data/images/Healthy/Train_HEALTHY_53_01.jpg,Healthy,37,537,train
716,data/images/Healthy/Valid_HEALTHY_74_01.jpg,Healthy,57,557,train
717,data/images/Healthy/Train_HEALTHY_01_01.jpg,Healthy,58,558,train
718,data/images/Healthy/Train_HEALTHY_93_01.jpg,Healthy,56,556,train
719,data/images/Healthy/Train_HEALTHY_65_01.jpg,Healthy,6,506,train
720,data/images/Healthy/Train_HEALTHY_30_01.jpg,Healthy,93,593,train
721,data/images/Healthy/Train_HEALTHY_62_01.jpg,Healthy,85,585,train
722,data/images/Healthy/Train_HEALTHY_69_02.jpg,Healthy,38,538,validation
723,data/images/Healthy/Train_HEALTHY_21_01.jpg,Healthy,57,557,validation
724,data/images/Healthy/Train_HEALTHY_69_01.jpg,Healthy,16,516,validation
725,data/images/Healthy/Train_HEALTHY_09_01.jpg,Healthy,63,563,validation
726,data/images/Healthy/Train_HEALTHY_100_01.jpg,Healthy,87,587,validation
727,data/images/Healthy/Valid_HEALTHY_78_01.jpg,Healthy,92,592,validation
728,data/images/Healthy/Train_HEALTHY_36_01.jpg,Healthy,89,589,validation
729,data/images/Healthy/Train_HEALTHY_32_02.jpg,Healthy,5,505,validation
730,data/images/Healthy/Valid_HEALTHY_95_01.jpg,Healthy,4,504,validation
731,data/images/Healthy/Test_HEALTHY_37_01.jpg,Healthy,73,573,validation
732,data/images/Healthy/Test_HEALTHY_83_01.jpg,Healthy,19,519,test
733,data/images/Healthy/Train_HEALTHY_43_01.jpg,Healthy,18,518,test
734,data/images/Healthy/Train_HEALTHY_54_01.jpg,Healthy,63,563,test
735,data/images/Healthy/Test_HEALTHY_67_01.jpg,Healthy,5,505,test
736,data/images/Healthy/Valid_HEALTHY_89_01.jpg,Healthy,78,578,test
737,data/images/Healthy/Train_HEALTHY_16_01.jpg,Healthy,17,517,test
738,data/images/Healthy/Train_HEALTHY_51_01.jpg,Healthy,60,560,test
739,data/images/Healthy/Train_HEALTHY_39_04.jpg,Healthy,63,563,test
740,data/images/Healthy/Valid_HEALTHY_28_02.jpg,Healthy,19,519,test
741,data/images/Healthy/Train_HEALTHY_61_01.jpg,Healthy,40,540,test
742,data/images/Healthy/Train_HEALTHY_39_01.jpg,Healthy,11,511,test
743,data/images/Healthy/Valid_HEALTHY_56_01.jpg,Healthy,98,598,test
744,data/images/Healthy/Valid_HEALTHY_72_01.jpg,Healthy,50,550,test
745,data/images/Healthy/Valid_HEALTHY_40_01.jpg,Healthy,14,514,test
746,data/images/Healthy/Train_HEALTHY_105_01.jpg,Healthy,81,581,test
747,data/images/Healthy/Valid_HEALTHY_34_01.jpg,Healthy,73,573,test
748,data/images/Healthy/Train_HEALTHY_29_01.jpg,Healthy,21,521,test
749,data/images/Healthy/Train_HEALTHY_104_01.jpg,Healthy,33,533,test
750,data/images/Healthy/Valid_HEALTHY_85_01.jpg,Healthy,7,507,test
751,data/images/Healthy/Train_HEALTHY_90_01.jpg,Healthy,55,555,test
752,data/images/Healthy/Train_HEALTHY_20_01.jpg,Healthy,55,555,test
753,data/images/Healthy/Train_HEALTHY_102_01.jpg,Healthy,5,505,test
754,data/images/Healthy/Train_HEALTHY_15_01.jpg,Healthy,19,519,test
