true_label,image_only_pred,symptom_only_pred,fusion_pred,image_only_correct,symptom_only_correct,fusion_correct
Cowpox,Cowpox,Mpox,Cowpox,1,0,1
Healthy,Healthy,Healthy,Healthy,1,1,1
Healthy,Healthy,Healthy,Healthy,1,1,1
Mpox,Mpox,Mpox,Mpox,1,1,1
Healthy,Healthy,Healthy,Healthy,1,1,1
HFMD,HFMD,HFMD,HFMD,1,1,1
Mpox,Mpox,Mpox,Mpox,1,1,1
Cowpox,Cowpox,Cowpox,Cowpox,1,1,1
Mpox,Mpox,Mpox,Mpox,1,1,1
Measles,Measles,Chickenpox,Measles,1,0,1
Mpox,Healthy,Mpox,Mpox,0,1,1
Healthy,Healthy,Healthy,Healthy,1,1,1
HFMD,HFMD,HFMD,HFMD,1,1,1
Mpox,Chickenpox,Mpox,Mpox,0,1,1
Cowpox,Cowpox,Mpox,Mpox,1,0,0
Mpox,Mpox,Mpox,Mpox,1,1,1
HFMD,HFMD,HFMD,HFMD,1,1,1
Cowpox,Cowpox,Cowpox,Cowpox,1,1,1
Mpox,Mpox,Mpox,Mpox,1,1,1
Mpox,Mpox,Mpox,Mpox,1,1,1
Mpox,Mpox,Mpox,Mpox,1,1,1
HFMD,HFMD,HFMD,HFMD,1,1,1
HFMD,HFMD,HFMD,HFMD,1,1,1
Healthy,Mpox,Healthy,Healthy,0,1,1
HFMD,HFMD,HFMD,HFMD,1,1,1
Chickenpox,Mpox,Chickenpox,Chickenpox,0,1,1
Mpox,Mpox,Mpox,Mpox,1,1,1
Chickenpox,Chickenpox,HFMD,Chickenpox,1,0,1
Mpox,Mpox,Mpox,Mpox,1,1,1
Healthy,Healthy,Healthy,Healthy,1,1,1
HFMD,HFMD,HFMD,HFMD,1,1,1
Mpox,Mpox,Mpox,Mpox,1,1,1
Chickenpox,Mpox,Chickenpox,Chickenpox,0,1,1
Mpox,Mpox,Mpox,Mpox,1,1,1
Mpox,Mpox,Mpox,Mpox,1,1,1
Mpox,Mpox,Mpox,Mpox,1,1,1
Healthy,Healthy,Healthy,Healthy,1,1,1
Mpox,Mpox,Mpox,Mpox,1,1,1
Mpox,Mpox,Mpox,Mpox,1,1,1
HFMD,HFMD,HFMD,HFMD,1,1,1
HFMD,HFMD,HFMD,HFMD,1,1,1
Measles,Measles,Mpox,Measles,1,0,1
Mpox,Mpox,Mpox,Mpox,1,1,1
Measles,Measles,Measles,Measles,1,1,1
Mpox,Mpox,Mpox,Mpox,1,1,1
Mpox,Mpox,Mpox,Mpox,1,1,1
Measles,Measles,Mpox,Mpox,1,0,0
Measles,Measles,Measles,Measles,1,1,1
Healthy,Healthy,Healthy,Healthy,1,1,1
Chickenpox,Healthy,HFMD,HFMD,0,0,0
Chickenpox,Chickenpox,Chickenpox,Chickenpox,1,1,1
Cowpox,Mpox,Cowpox,Cowpox,0,1,1
Healthy,Healthy,Healthy,Healthy,1,1,1
Mpox,Healthy,Mpox,Mpox,0,1,1
Mpox,Mpox,Mpox,Mpox,1,1,1
Mpox,Mpox,Mpox,Mpox,1,1,1
Healthy,Healthy,Healthy,Healthy,1,1,1
Mpox,HFMD,Mpox,Mpox,0,1,1
Healthy,Healthy,Healthy,Healthy,1,1,1
HFMD,HFMD,HFMD,HFMD,1,1,1
Mpox,Mpox,Mpox,Mpox,1,1,1
Mpox,Mpox,Mpox,Mpox,1,1,1
Mpox,Mpox,Mpox,Mpox,1,1,1
HFMD,Mpox,HFMD,HFMD,0,1,1
Healthy,Healthy,Healthy,Healthy,1,1,1
Mpox,Mpox,Mpox,Mpox,1,1,1
HFMD,HFMD,Chickenpox,HFMD,1,0,1
HFMD,HFMD,HFMD,HFMD,1,1,1
Mpox,Measles,Mpox,Mpox,0,1,1
Mpox,Mpox,Mpox,Mpox,1,1,1
Mpox,Mpox,Mpox,Mpox,1,1,1
Healthy,Healthy,Healthy,Healthy,1,1,1
Mpox,Mpox,Mpox,Mpox,1,1,1
HFMD,HFMD,HFMD,HFMD,1,1,1
HFMD,HFMD,HFMD,HFMD,1,1,1
Mpox,Mpox,Mpox,Mpox,1,1,1
Mpox,Mpox,Mpox,Mpox,1,1,1
Healthy,Healthy,Healthy,Healthy,1,1,1
HFMD,HFMD,HFMD,HFMD,1,1,1
Mpox,Mpox,Mpox,Mpox,1,1,1
HFMD,HFMD,HFMD,HFMD,1,1,1
Chickenpox,Chickenpox,Chickenpox,Chickenpox,1,1,1
Mpox,Mpox,Mpox,Mpox,1,1,1
Chickenpox,Chickenpox,Chickenpox,Chickenpox,1,1,1
Chickenpox,Chickenpox,Chickenpox,Chickenpox,1,1,1
Mpox,Mpox,Mpox,Mpox,1,1,1
Mpox,Mpox,Mpox,Mpox,1,1,1
HFMD,HFMD,HFMD,HFMD,1,1,1
HFMD,HFMD,HFMD,HFMD,1,1,1
HFMD,HFMD,HFMD,HFMD,1,1,1
Chickenpox,Chickenpox,Chickenpox,Chickenpox,1,1,1
HFMD,HFMD,HFMD,HFMD,1,1,1
HFMD,HFMD,HFMD,HFMD,1,1,1
Cowpox,Mpox,Cowpox,Cowpox,0,1,1
HFMD,HFMD,HFMD,HFMD,1,1,1
Mpox,Mpox,Mpox,Mpox,1,1,1
Mpox,Mpox,Mpox,HFMD,1,1,0
Mpox,Mpox,Mpox,Mpox,1,1,1
Cowpox,Cowpox,Cowpox,Cowpox,1,1,1
Mpox,Mpox,Mpox,Mpox,1,1,1
HFMD,HFMD,HFMD,HFMD,1,1,1
Measles,Measles,Measles,Measles,1,1,1
Mpox,Chickenpox,Mpox,Mpox,0,1,1
Healthy,Mpox,Healthy,Healthy,0,1,1
Measles,Measles,Measles,Measles,1,1,1
Measles,Measles,Measles,Measles,1,1,1
Mpox,Mpox,Mpox,Mpox,1,1,1
Healthy,HFMD,Healthy,Healthy,0,1,1
HFMD,HFMD,HFMD,HFMD,1,1,1
Chickenpox,Chickenpox,Chickenpox,Chickenpox,1,1,1
Mpox,Mpox,Mpox,Mpox,1,1,1
Healthy,Healthy,Healthy,Healthy,1,1,1
Chickenpox,Chickenpox,Chickenpox,Chickenpox,1,1,1
Chickenpox,Chickenpox,Chickenpox,Chickenpox,1,1,1
Measles,Measles,Measles,Measles,1,1,1
Measles,Measles,Measles,Measles,1,1,1
Mpox,Mpox,Mpox,Mpox,1,1,1
Cowpox,Cowpox,Mpox,Cowpox,1,0,1
Mpox,Mpox,Mpox,Mpox,1,1,1
Healthy,Healthy,Healthy,Healthy,1,1,1
Cowpox,Cowpox,Mpox,Cowpox,1,0,1
Chickenpox,Chickenpox,Chickenpox,Chickenpox,1,1,1
HFMD,Mpox,HFMD,HFMD,0,1,1
Mpox,Mpox,Mpox,Mpox,1,1,1
Mpox,Mpox,Mpox,Mpox,1,1,1
Mpox,Mpox,Mpox,Mpox,1,1,1
Mpox,Mpox,Mpox,Mpox,1,1,1
Cowpox,Cowpox,Cowpox,Cowpox,1,1,1
HFMD,HFMD,HFMD,HFMD,1,1,1
Mpox,Mpox,Mpox,Mpox,1,1,1
Measles,Measles,Measles,Measles,1,1,1
Cowpox,Cowpox,Mpox,Cowpox,1,0,1
Mpox,Mpox,Mpox,Mpox,1,1,1
Healthy,Mpox,Healthy,Healthy,0,1,1
Chickenpox,Chickenpox,Chickenpox,Chickenpox,1,1,1
Healthy,Mpox,Healthy,Healthy,0,1,1
Healthy,HFMD,Healthy,Healthy,0,1,1
Healthy,Healthy,Healthy,Healthy,1,1,1
Mpox,Chickenpox,Mpox,Mpox,0,1,1
HFMD,HFMD,HFMD,HFMD,1,1,1
HFMD,HFMD,Measles,Measles,1,0,0
HFMD,HFMD,HFMD,HFMD,1,1,1
Healthy,Healthy,Cowpox,Healthy,1,0,1
Cowpox,Cowpox,Healthy,Cowpox,1,0,1
HFMD,HFMD,HFMD,HFMD,1,1,1
HFMD,HFMD,HFMD,HFMD,1,1,1
Mpox,Mpox,Mpox,Mpox,1,1,1
Cowpox,Cowpox,Cowpox,Cowpox,1,1,1
Chickenpox,Mpox,Chickenpox,Chickenpox,0,1,1
Mpox,Mpox,Mpox,Mpox,1,1,1
Mpox,Mpox,Mpox,Mpox,1,1,1
