patient_id,label,fever,lymphadenopathy,headache,muscle_ache,fatigue,cough,conjunctivitis,mouth_ulcers,travel_or_contact_history,animal_contact,rash_multistage,age_years,symptom_count
0,Mpox,0,0,1,0,1,0,0,1,0,0,0,29,3
1,Mpox,0,1,0,1,1,0,0,0,0,0,0,34,3
2,Mpox,1,1,1,0,0,0,1,0,0,0,0,33,4
3,Mpox,1,0,1,1,0,0,0,1,0,0,0,24,4
4,Mpox,1,1,0,0,0,0,0,1,0,0,0,20,3
5,Mpox,0,0,0,0,0,0,0,1,0,0,0,34,1
6,Mpox,0,0,1,0,1,0,0,1,0,0,1,28,4
7,Mpox,1,1,1,1,1,0,1,0,1,0,0,21,7
8,Mpox,1,1,0,0,0,1,0,0,0,0,1,27,4
9,Mpox,1,0,1,0,1,0,0,0,0,0,1,34,4
10,Mpox,1,1,1,1,0,0,0,0,0,0,1,11,5
11,Mpox,1,1,1,1,1,0,0,0,0,0,1,32,6
12,Mpox,1,1,0,0,0,0,1,0,0,0,1,36,4
13,Mpox,1,1,1,1,1,0,0,0,0,0,0,50,5
14,Mpox,1,1,0,1,0,1,0,1,0,1,1,28,7
15,Mpox,0,0,0,0,0,0,1,0,0,0,0,29,1
16,Mpox,1,0,0,1,0,0,0,0,0,0,1,47,3
17,Mpox,1,1,0,1,0,0,0,0,0,0,1,52,4
18,Mpox,1,0,1,0,1,1,0,1,0,0,1,51,6
19,Mpox,0,0,0,1,1,0,0,0,1,0,0,19,3
20,Mpox,1,1,0,0,1,0,0,0,0,0,1,24,4
21,Mpox,1,1,1,0,1,0,0,0,0,0,0,25,4
22,Mpox,1,1,0,0,0,0,0,0,0,0,1,35,3
23,Mpox,0,1,0,1,1,0,0,0,0,0,1,20,4
24,Mpox,0,1,0,0,1,0,1,0,1,0,0,19,4
25,Mpox,0,0,0,1,0,0,0,0,0,0,0,28,1
26,Mpox,0,0,0,0,1,1,1,0,0,0,1,37,4
27,Mpox,0,1,1,0,1,1,0,1,0,1,0,29,6
28,Mpox,0,0,0,1,0,0,0,0,1,0,0,32,2
29,Mpox,1,0,1,1,1,1,0,1,0,0,1,40,7
30,Mpox,0,0,0,1,1,0,0,0,0,0,1,35,3
31,Mpox,1,0,1,1,0,0,0,0,0,0,1,35,4
32,Mpox,1,1,1,0,0,0,0,1,0,0,0,23,4
33,Mpox,1,1,0,1,1,0,0,0,0,0,1,27,5
34,Mpox,1,1,1,0,1,0,0,0,0,0,0,38,4
35,Mpox,0,0,1,0,0,1,1,0,0,0,1,29,4
36,Mpox,1,1,0,0,0,0,0,0,1,0,1,43,4
37,Mpox,1,1,0,0,1,1,1,0,0,0,1,34,6
38,Mpox,0,1,0,0,0,1,0,0,0,0,0,25,2
39,Mpox,0,0,0,0,1,0,0,0,0,1,0,30,2
40,Mpox,1,1,0,1,0,0,1,0,0,0,0,44,4
41,Mpox,1,0,0,0,0,0,0,0,0,0,0,32,1
42,Mpox,0,0,1,0,0,0,0,0,0,0,0,35,1
43,Mpox,1,1,0,1,0,0,0,0,0,0,1,24,4
44,Mpox,0,1,0,0,0,0,0,0,0,1,1,23,3
45,Mpox,1,1,0,1,1,0,0,0,0,1,1,36,6
46,Mpox,1,1,1,0,0,0,0,0,1,0,0,26,4
47,Mpox,0,1,1,1,0,1,0,0,0,1,0,34,5
48,Mpox,1,1,0,0,0,0,0,1,0,0,0,38,3
49,Mpox,0,0,1,1,1,0,0,0,0,0,1,30,4
50,Mpox,0,1,1,1,0,1,0,0,0,0,1,42,5
51,Mpox,0,0,0,1,1,0,0,0,1,0,0,35,3
52,Mpox,1,1,0,0,1,0,0,0,0,1,0,30,4
53,Mpox,1,0,1,1,1,0,0,0,1,1,1,29,7
54,Mpox,0,0,0,0,0,0,0,0,0,0,1,30,1
55,Mpox,1,1,0,0,1,1,0,1,0,0,0,42,5
56,Mpox,1,1,1,1,0,0,0,0,0,0,1,36,5
57,Mpox,1,1,0,0,1,0,0,0,0,0,0,26,3
58,Mpox,1,0,0,1,1,0,0,0,1,1,0,31,5
59,Mpox,1,1,0,0,1,0,0,0,1,0,0,29,4
60,Mpox,1,1,0,1,1,0,1,0,1,0,0,20,6
61,Mpox,0,1,1,1,1,0,0,0,0,0,0,33,4
62,Mpox,0,0,0,1,0,1,0,1,1,1,1,33,6
63,Mpox,1,0,0,0,1,0,0,0,1,0,0,20,3
64,Mpox,0,1,0,0,1,0,0,0,1,0,1,39,4
65,Mpox,1,1,0,0,0,0,0,1,0,0,0,45,3
66,Mpox,1,1,1,0,1,0,0,0,1,0,1,29,6
67,Mpox,1,0,0,0,1,0,0,0,0,0,1,24,3
68,Mpox,0,1,0,0,0,0,0,0,0,1,0,37,2
69,Mpox,0,0,0,1,1,0,0,0,0,0,1,37,3
70,Mpox,0,1,0,0,1,1,0,0,0,0,1,35,4
71,Mpox,0,1,0,0,0,0,0,0,0,0,1,21,2
72,Mpox,0,0,0,1,1,0,0,0,0,0,0,27,2
73,Mpox,0,1,1,1,0,0,0,1,1,0,1,25,6
74,Mpox,1,1,1,0,1,1,1,0,0,1,0,36,7
75,Mpox,0,0,1,1,1,1,0,0,1,0,1,35,6
76,Mpox,0,1,1,0,0,0,0,0,0,0,1,29,3
77,Mpox,1,1,0,1,0,0,0,0,1,0,1,18,5
78,Mpox,0,0,0,1,1,0,0,0,1,0,1,35,4
79,Mpox,0,0,0,1,0,0,1,1,1,0,0,36,4
80,Mpox,1,0,0,0,0,1,0,0,1,0,0,33,3
81,Mpox,1,0,1,0,1,0,0,0,0,0,1,36,4
82,Mpox,1,1,1,0,0,0,1,0,0,0,0,23,4
83,Mpox,0,1,0,0,0,0,0,0,1,0,0,33,2
84,Mpox,1,1,0,1,0,0,0,0,1,0,0,35,4
85,Mpox,1,1,0,0,0,0,0,0,0,0,0,29,2
86,Mpox,1,1,1,0,1,0,0,0,0,0,0,38,4
87,Mpox,0,1,0,0,0,0,0,0,1,1,1,30,4
88,Mpox,0,0,1,0,0,0,0,0,0,0,1,28,2
89,Mpox,1,0,0,0,0,0,0,1,0,0,1,17,3
90,Mpox,0,1,0,1,0,0,1,1,0,0,0,28,4
91,Mpox,1,0,0,0,0,1,0,0,1,0,1,24,4
92,Mpox,1,1,0,0,1,0,0,0,1,0,0,41,4
93,Mpox,1,1,0,0,1,1,0,0,0,0,0,37,4
94,Mpox,1,1,0,0,0,0,0,0,1,0,0,31,3
95,Mpox,0,0,1,0,0,0,0,0,0,0,0,25,1
96,Mpox,1,1,0,1,0,0,0,0,0,0,1,33,4
97,Mpox,1,0,0,0,1,0,0,0,0,0,0,25,2
98,Mpox,1,1,0,1,0,0,0,0,1,0,1,25,5
99,Mpox,0,1,1,0,1,1,0,0,0,0,0,30,4
100,Chickenpox,1,0,1,0,0,0,0,0,0,0,1,11,3
101,Chickenpox,0,1,0,0,1,0,0,0,0,0,0,5,2
102,Chickenpox,0,0,0,0,1,0,1,0,0,0,0,15,2
103,Chickenpox,1,0,1,1,0,0,0,1,0,0,0,9,4
104,Chickenpox,1,0,0,0,0,0,0,0,0,1,0,1,2
105,Chickenpox,1,1,1,0,0,1,0,0,0,0,1,18,5
106,Chickenpox,1,1,0,0,0,0,1,1,1,0,0,13,5
107,Chickenpox,1,0,0,0,0,0,0,0,1,0,0,3,2
108,Chickenpox,0,0,0,0,1,1,0,0,0,0,0,1,2
109,Chickenpox,1,0,0,0,0,0,0,0,0,0,1,6,2
110,Chickenpox,0,0,0,1,0,0,0,0,0,1,1,25,3
111,Chickenpox,1,0,0,0,0,0,0,0,0,0,1,14,2
112,Chickenpox,1,0,1,1,0,0,0,0,1,0,1,12,5
113,Chickenpox,0,0,0,0,1,0,0,0,1,0,1,1,3
114,Chickenpox,0,0,0,0,1,0,0,0,0,1,1,25,3
115,Chickenpox,1,0,0,1,1,0,0,0,1,0,1,19,5
116,Chickenpox,0,0,1,1,1,1,0,0,1,0,1,13,6
117,Chickenpox,0,0,0,0,1,0,0,0,1,0,0,10,2
118,Chickenpox,0,0,0,0,1,0,0,0,1,0,0,1,2
119,Chickenpox,1,0,0,1,1,0,0,0,0,0,0,6,3
120,Chickenpox,1,0,1,0,0,0,0,0,0,1,1,13,4
121,Chickenpox,0,0,0,0,0,0,0,0,0,0,0,1,0
122,Chickenpox,0,1,0,0,0,0,0,0,0,0,1,2,2
123,Chickenpox,1,0,0,0,1,1,1,0,1,0,0,12,5
124,Chickenpox,1,0,1,1,0,1,1,0,0,0,1,6,6
125,Chickenpox,1,0,1,0,0,0,0,0,0,0,1,8,3
126,Chickenpox,1,1,0,0,0,0,0,0,1,1,0,1,4
127,Chickenpox,1,0,0,0,0,0,0,0,0,0,1,8,2
128,Chickenpox,0,1,0,0,1,0,0,0,0,0,0,1,2
129,Chickenpox,1,0,1,0,1,0,0,0,1,0,1,1,5
130,Chickenpox,1,1,0,0,0,0,0,0,1,0,0,9,3
131,Chickenpox,1,0,0,0,0,0,0,0,0,0,0,3,1
132,Chickenpox,0,0,0,1,1,0,0,0,0,0,1,16,3
133,Chickenpox,1,0,0,0,1,0,1,0,0,0,1,7,4
134,Chickenpox,1,0,0,1,1,0,0,0,0,0,1,8,4
135,Chickenpox,1,1,0,1,0,1,0,0,0,1,1,3,6
136,Chickenpox,1,0,0,0,0,0,0,0,0,0,0,22,1
137,Chickenpox,0,0,0,0,0,0,0,0,0,0,1,1,1
138,Chickenpox,0,0,1,0,0,0,0,0,0,0,0,8,1
139,Chickenpox,0,0,1,0,1,1,0,0,0,1,0,12,4
140,Chickenpox,0,0,0,1,0,0,0,0,1,0,0,14,2
141,Chickenpox,0,0,0,1,0,0,0,0,1,0,1,12,3
142,Chickenpox,0,1,0,0,1,0,0,0,0,0,0,1,2
143,Chickenpox,1,0,1,0,0,0,0,0,0,0,0,10,2
144,Chickenpox,0,0,0,0,0,0,0,0,0,0,0,1,0
145,Chickenpox,0,0,0,0,1,0,0,1,0,0,1,12,3
146,Chickenpox,1,1,0,0,0,0,0,0,1,0,1,1,4
147,Chickenpox,1,0,0,0,1,0,0,0,0,0,1,12,3
148,Chickenpox,1,0,0,0,1,0,0,0,0,0,1,18,3
149,Chickenpox,1,0,0,0,1,0,0,0,1,0,0,1,3
150,Chickenpox,1,0,1,0,1,0,0,0,1,0,0,7,4
151,Chickenpox,0,0,0,0,1,0,0,0,0,0,1,1,2
152,Chickenpox,0,0,0,0,1,0,0,0,1,0,0,4,2
153,Chickenpox,1,1,0,0,0,1,1,0,0,0,1,20,5
154,Chickenpox,0,0,0,0,0,0,0,0,0,0,0,15,0
155,Chickenpox,0,0,1,1,0,1,0,0,0,0,0,14,3
156,Chickenpox,1,0,0,0,1,1,0,0,0,0,0,1,3
157,Chickenpox,1,0,1,0,0,0,0,0,0,0,0,1,2
158,Chickenpox,0,1,0,1,0,0,0,0,0,0,0,1,2
159,Chickenpox,1,0,0,1,1,0,0,1,0,0,0,3,4
160,Chickenpox,0,0,0,1,0,0,0,0,0,0,0,10,1
161,Chickenpox,0,0,0,0,0,0,0,0,0,0,1,1,1
162,Chickenpox,1,0,1,1,0,0,0,0,0,0,0,6,3
163,Chickenpox,0,1,0,0,0,0,0,0,0,0,1,1,2
164,Chickenpox,0,0,0,0,0,0,1,0,0,0,1,12,2
165,Chickenpox,0,0,1,0,1,0,0,0,0,0,1,1,3
166,Chickenpox,1,0,0,0,0,0,0,0,0,1,1,3,3
167,Chickenpox,1,0,0,1,1,1,0,0,0,0,1,8,5
168,Chickenpox,1,0,1,0,0,0,0,0,0,1,0,6,3
169,Chickenpox,0,0,1,0,1,0,0,0,0,0,1,9,3
170,Chickenpox,1,0,0,1,0,0,0,0,1,0,1,7,4
171,Chickenpox,1,0,0,1,1,0,0,1,0,0,0,11,4
172,Chickenpox,0,0,0,0,1,0,0,0,0,0,0,14,1
173,Chickenpox,0,0,1,1,1,0,0,0,0,0,1,19,4
174,Chickenpox,1,0,0,0,0,0,0,0,1,0,1,1,3
175,Chickenpox,1,0,0,0,1,1,0,0,0,0,0,1,3
176,Chickenpox,1,0,0,1,0,0,0,0,0,1,1,1,4
177,Chickenpox,1,0,0,0,0,0,1,0,1,0,0,3,3
178,Chickenpox,0,0,0,0,0,1,0,0,1,0,1,4,3
179,Chickenpox,1,0,0,1,0,0,0,0,1,0,1,15,4
180,Chickenpox,1,0,1,1,0,0,0,0,1,0,1,1,5
181,Chickenpox,0,0,0,0,1,0,0,0,1,0,1,1,3
182,Chickenpox,1,0,0,0,1,0,0,0,1,0,1,24,4
183,Chickenpox,0,1,0,0,0,0,0,0,1,0,1,1,3
184,Chickenpox,0,0,1,1,0,0,0,0,1,0,0,9,3
185,Chickenpox,0,0,1,0,1,1,0,0,1,0,1,19,5
186,Chickenpox,1,0,0,0,0,1,0,0,0,0,1,1,3
187,Chickenpox,1,0,0,1,0,1,0,0,0,0,1,2,4
188,Chickenpox,1,0,0,1,1,0,0,0,0,0,0,13,3
189,Chickenpox,0,1,0,1,0,0,0,0,1,0,1,10,4
190,Chickenpox,1,0,1,0,0,0,0,0,0,0,0,15,2
191,Chickenpox,1,0,0,0,0,1,0,0,0,0,0,3,2
192,Chickenpox,1,0,0,1,0,0,0,0,0,0,1,1,3
193,Chickenpox,0,0,1,0,0,1,0,0,1,1,1,13,5
194,Chickenpox,1,0,0,1,1,0,0,1,0,0,1,12,5
195,Chickenpox,1,1,0,0,0,0,0,0,0,0,0,10,2
196,Chickenpox,1,0,0,0,0,0,0,0,1,0,1,15,3
197,Chickenpox,0,1,0,1,1,0,0,0,1,0,1,3,5
198,Chickenpox,1,1,0,1,0,0,0,0,0,0,0,3,3
199,Chickenpox,0,0,1,0,1,0,0,0,0,0,0,8,2
200,Measles,0,0,1,1,1,0,1,0,0,0,1,31,5
201,Measles,1,1,0,0,1,0,0,0,1,0,0,1,4
202,Measles,0,0,1,1,0,0,0,0,0,0,0,7,2
203,Measles,1,0,1,0,1,1,1,0,1,0,0,23,6
204,Measles,1,0,0,0,0,1,1,0,0,0,0,21,3
205,Measles,1,0,0,1,0,1,0,0,1,0,0,6,4
206,Measles,1,1,1,1,1,1,0,0,0,0,0,16,6
207,Measles,1,0,1,0,0,0,0,0,1,1,0,12,4
208,Measles,1,1,1,1,1,1,1,0,1,0,0,22,8
209,Measles,1,1,0,0,0,1,1,0,1,0,0,2,5
210,Measles,1,0,0,0,0,0,1,0,0,0,1,5,3
211,Measles,0,1,0,1,0,0,1,0,0,1,0,19,4
212,Measles,0,0,0,1,0,1,0,1,0,1,0,15,4
213,Measles,1,0,0,0,1,1,0,0,1,0,0,1,4
214,Measles,0,0,0,0,0,1,1,0,0,0,0,7,2
215,Measles,1,1,0,0,1,0,1,0,0,0,0,8,4
216,Measles,1,0,0,0,1,1,0,0,0,0,0,13,3
217,Measles,1,0,1,0,1,0,0,0,0,1,0,21,4
218,Measles,1,0,0,0,1,0,0,0,1,0,0,1,3
219,Measles,0,0,0,0,1,1,1,0,0,0,1,7,4
220,Measles,1,0,1,0,1,1,1,0,0,1,0,5,6
221,Measles,1,0,0,0,0,1,1,0,0,0,0,15,3
222,Measles,1,0,0,1,0,1,0,0,0,0,1,18,4
223,Measles,0,0,0,1,1,1,1,0,0,0,1,12,5
224,Measles,1,0,0,1,0,1,0,1,0,0,0,1,4
225,Measles,0,1,0,1,1,0,1,0,0,0,0,13,4
226,Measles,1,0,0,1,0,1,0,0,1,0,0,13,4
227,Measles,1,0,0,0,0,0,1,0,0,0,0,16,2
228,Measles,0,0,0,0,0,1,1,0,0,0,1,6,3
229,Measles,1,0,0,1,0,1,1,0,0,0,1,12,5
230,Measles,1,0,0,0,1,0,0,1,1,0,0,6,4
231,Measles,1,0,1,0,1,0,0,0,0,0,0,15,3
232,Measles,1,1,0,0,0,0,1,0,0,0,0,10,3
233,Measles,0,0,0,1,0,1,0,0,0,0,0,12,2
234,Measles,1,0,1,0,1,0,1,0,0,0,0,23,4
235,Measles,1,1,0,0,1,0,1,0,0,0,1,11,5
236,Measles,0,1,1,0,0,0,1,0,0,1,0,13,4
237,Measles,1,0,0,0,1,1,1,0,0,0,0,32,4
238,Measles,1,0,0,0,0,0,1,0,0,0,0,1,2
239,Measles,0,0,0,0,0,1,1,0,0,0,0,13,2
240,Measles,1,0,0,0,0,0,0,0,1,0,0,10,2
241,Measles,0,1,0,0,1,1,1,0,1,0,1,16,6
242,Measles,0,0,1,1,0,0,0,0,0,0,0,26,2
243,Measles,1,0,0,0,1,1,1,0,1,1,0,18,6
244,Measles,0,0,0,0,1,1,0,0,0,0,1,17,3
245,Measles,1,0,1,0,0,0,0,0,0,0,0,3,2
246,Measles,0,0,0,0,0,1,0,0,1,0,0,4,2
247,Measles,0,0,1,0,1,0,1,0,0,0,1,8,4
248,Measles,1,0,0,0,1,0,1,0,0,0,1,22,4
249,Measles,0,0,0,0,1,0,1,0,1,0,0,22,3
250,Measles,0,0,0,0,1,0,0,0,0,0,0,15,1
251,Measles,1,0,0,0,0,0,1,0,0,0,0,1,2
252,Measles,0,0,1,1,0,0,0,1,0,0,0,6,3
253,Measles,1,1,0,0,1,1,0,0,0,1,0,1,5
254,Measles,1,1,0,0,0,0,1,0,1,0,1,19,5
255,Measles,1,0,0,0,0,0,0,0,1,0,0,16,2
256,Measles,1,0,0,0,0,0,1,0,0,0,0,2,2
257,Measles,0,0,0,0,0,1,1,0,0,0,0,11,2
258,Measles,0,0,0,0,1,0,1,0,0,0,0,1,2
259,Measles,0,0,0,0,0,1,1,0,0,0,0,9,2
260,Measles,1,1,1,0,0,0,1,0,0,0,0,4,4
261,Measles,1,0,0,0,0,1,0,0,1,0,0,6,3
262,Measles,1,1,0,1,0,0,1,1,0,1,0,12,6
263,Measles,0,0,0,0,1,1,1,0,0,0,0,6,3
264,Measles,1,1,0,0,1,0,0,0,0,0,1,15,4
265,Measles,1,0,1,0,0,1,0,0,0,1,0,8,4
266,Measles,1,0,0,0,0,0,0,0,1,0,0,16,2
267,Measles,1,0,1,0,1,0,1,0,0,0,0,24,4
268,Measles,0,0,1,0,0,0,1,1,1,1,0,18,5
269,Measles,1,0,0,0,0,1,0,0,1,0,0,9,3
270,Measles,1,0,0,0,1,1,1,0,0,0,0,24,4
271,Measles,1,0,1,0,0,1,0,1,0,0,0,8,4
272,Measles,0,0,0,0,1,0,1,0,0,0,0,3,2
273,Measles,0,0,0,1,0,1,1,0,0,0,0,16,3
274,Measles,0,0,0,0,1,0,0,0,1,0,0,19,2
275,Measles,0,0,0,0,1,0,0,1,0,0,0,17,2
276,Measles,0,0,1,1,1,1,1,0,0,0,0,12,5
277,Measles,1,1,1,0,0,1,1,0,0,0,0,23,5
278,Measles,0,0,0,0,0,1,1,0,0,1,0,1,3
279,Measles,1,0,0,0,0,0,1,0,0,0,0,1,2
280,Measles,0,0,0,0,0,0,0,0,0,0,0,24,0
281,Measles,1,0,0,0,0,0,0,0,0,1,0,15,2
282,Measles,1,0,0,0,1,1,1,0,0,1,0,9,5
283,Measles,0,0,0,0,0,0,1,0,0,0,0,1,1
284,Measles,1,0,1,0,1,0,0,1,0,0,1,6,5
285,Measles,1,0,0,0,0,1,1,0,0,0,0,1,3
286,Measles,1,0,1,1,1,1,1,0,0,0,0,7,6
287,Measles,0,0,0,0,1,0,0,0,0,0,0,4,1
288,Measles,1,0,1,0,0,1,1,0,1,0,0,6,5
289,Measles,1,0,1,0,0,1,1,0,0,0,0,1,4
290,Measles,1,0,1,0,0,0,1,0,0,0,0,19,3
291,Measles,1,1,0,1,0,0,1,0,0,0,1,18,5
292,Measles,1,0,0,1,0,1,1,0,1,0,0,16,5
293,Measles,0,0,1,0,0,0,0,0,0,0,0,16,1
294,Measles,1,0,0,0,1,0,1,0,1,0,0,10,4
295,Measles,0,0,1,1,0,0,1,0,0,0,0,16,3
296,Measles,0,1,1,0,0,1,0,0,0,0,1,24,4
297,Measles,1,0,0,0,0,1,0,1,0,0,0,16,3
298,Measles,0,0,0,0,0,0,0,0,0,0,0,11,0
299,Measles,1,0,1,1,0,0,0,0,0,1,1,20,5
300,Cowpox,0,0,1,1,0,0,0,0,0,1,0,12,3
301,Cowpox,1,0,0,0,0,0,1,0,0,1,1,14,4
302,Cowpox,0,0,0,0,1,0,0,0,0,1,0,19,2
303,Cowpox,0,0,0,0,1,0,0,0,1,1,0,29,3
304,Cowpox,0,0,0,0,0,0,0,1,0,1,0,29,2
305,Cowpox,0,0,0,0,0,0,0,1,0,0,1,28,2
306,Cowpox,0,0,0,0,0,0,0,0,0,1,0,39,1
307,Cowpox,1,0,0,0,1,0,0,1,0,0,0,26,3
308,Cowpox,1,1,0,0,1,0,0,1,1,1,0,21,6
309,Cowpox,0,0,0,1,1,0,0,0,0,0,0,26,2
310,Cowpox,1,1,0,0,0,0,0,0,0,0,0,29,2
311,Cowpox,1,0,0,0,0,1,0,0,0,0,0,25,2
312,Cowpox,0,0,0,0,0,0,0,0,0,1,0,28,1
313,Cowpox,1,0,0,0,0,0,1,0,0,1,1,26,4
314,Cowpox,0,0,0,0,0,0,0,1,0,1,1,31,3
315,Cowpox,0,1,0,0,0,0,0,0,0,0,1,32,2
316,Cowpox,0,0,0,0,0,0,0,0,0,0,1,34,1
317,Cowpox,0,0,0,1,0,0,0,0,0,0,0,21,1
318,Cowpox,0,0,0,0,0,0,0,0,1,0,0,24,1
319,Cowpox,1,1,0,1,1,0,0,1,0,1,1,28,7
320,Cowpox,1,0,1,0,0,1,0,0,0,1,1,34,5
321,Cowpox,1,0,0,0,0,0,0,0,0,1,1,29,3
322,Cowpox,0,1,1,0,0,0,0,0,0,1,0,22,3
323,Cowpox,0,0,1,0,0,0,0,0,0,0,1,12,2
324,Cowpox,0,0,0,1,0,0,0,0,1,1,0,21,3
325,Cowpox,0,0,0,1,1,0,0,0,0,0,0,28,2
326,Cowpox,0,0,0,0,0,0,0,0,0,1,0,21,1
327,Cowpox,1,0,0,1,0,0,0,0,0,0,0,26,2
328,Cowpox,0,0,0,1,1,1,0,0,1,0,0,13,4
329,Cowpox,1,0,1,0,1,1,0,0,0,0,1,28,5
330,Cowpox,0,1,0,0,1,0,0,0,0,1,0,37,3
331,Cowpox,1,0,0,0,0,0,0,1,0,0,0,46,2
332,Cowpox,1,0,1,0,0,0,1,0,0,1,0,30,4
333,Cowpox,1,0,0,1,0,0,1,1,0,1,0,14,5
334,Cowpox,0,0,1,0,0,0,0,0,0,0,0,26,1
335,Cowpox,1,0,0,0,0,0,0,1,0,0,1,13,3
336,Cowpox,1,0,1,0,0,0,0,0,1,0,0,43,3
337,Cowpox,0,0,0,0,0,0,1,0,0,1,0,24,2
338,Cowpox,0,0,0,0,0,0,0,0,0,1,0,32,1
339,Cowpox,0,0,0,0,0,0,0,0,0,1,0,24,1
340,Cowpox,1,0,1,0,1,0,0,0,0,1,0,32,4
341,Cowpox,0,1,1,0,0,1,0,0,0,0,0,23,3
342,Cowpox,0,0,0,0,1,1,0,0,0,0,0,49,2
343,Cowpox,0,0,0,1,0,1,0,0,0,0,0,28,2
344,Cowpox,1,0,0,0,0,0,0,0,1,1,0,43,3
345,Cowpox,1,0,0,0,0,0,0,0,0,1,1,42,3
346,Cowpox,0,1,0,1,0,0,0,0,0,0,0,27,2
347,Cowpox,0,0,0,0,1,0,0,0,0,0,0,24,1
348,Cowpox,0,1,0,0,0,1,0,0,0,0,0,41,2
349,Cowpox,0,0,0,0,0,0,0,0,1,0,1,36,2
350,Cowpox,0,0,0,0,0,0,0,0,0,1,0,24,1
351,Cowpox,1,0,1,0,1,0,0,0,0,0,0,31,3
352,Cowpox,0,0,0,0,1,0,1,0,0,0,0,27,2
353,Cowpox,1,0,0,0,0,0,0,0,0,0,0,17,1
354,Cowpox,0,0,0,0,0,0,0,0,0,0,1,28,1
355,Cowpox,0,0,1,0,0,0,0,0,0,1,1,29,3
356,Cowpox,0,0,0,0,0,0,1,0,0,0,0,18,1
357,Cowpox,1,0,0,0,0,0,0,0,0,1,0,30,2
358,Cowpox,0,0,1,0,0,0,1,1,0,0,0,15,3
359,Cowpox,1,0,0,0,1,0,0,0,0,1,0,20,3
360,Cowpox,1,0,1,0,0,1,0,0,0,0,0,33,3
361,Cowpox,0,0,0,0,1,0,1,0,0,1,1,24,4
362,Cowpox,0,0,0,1,0,0,0,0,0,0,1,30,2
363,Cowpox,0,1,0,0,0,0,0,0,1,1,1,33,4
364,Cowpox,0,0,0,0,0,0,0,0,0,1,1,38,2
365,Cowpox,1,0,0,0,0,1,0,0,1,0,0,32,3
366,Cowpox,0,0,0,0,0,1,0,0,0,0,1,34,2
367,Cowpox,0,1,0,0,1,0,0,0,0,1,0,32,3
368,Cowpox,1,1,0,0,0,0,0,0,0,0,1,27,3
369,Cowpox,1,0,0,0,1,0,0,0,1,1,0,11,4
370,Cowpox,0,0,1,1,0,0,0,0,0,0,1,26,3
371,Cowpox,1,0,1,0,0,0,0,0,0,1,0,42,3
372,Cowpox,0,0,0,1,1,0,0,0,0,1,0,25,3
373,Cowpox,1,0,1,0,1,1,0,0,0,1,0,27,5
374,Cowpox,0,0,0,0,0,0,0,1,0,1,0,27,2
375,Cowpox,1,0,1,0,0,1,0,0,0,1,0,22,4
376,Cowpox,0,0,1,0,0,0,0,0,1,1,0,21,3
377,Cowpox,0,0,0,0,0,1,0,0,0,1,1,26,3
378,Cowpox,0,0,0,0,0,0,0,0,0,0,0,43,0
379,Cowpox,0,0,1,0,0,0,0,0,0,0,0,27,1
380,Cowpox,0,0,1,0,0,0,0,0,0,0,0,36,1
381,Cowpox,0,0,0,0,0,0,0,0,0,0,0,40,0
382,Cowpox,0,0,0,0,0,1,0,1,1,0,1,26,4
383,Cowpox,1,0,1,0,0,0,0,0,1,1,0,13,4
384,Cowpox,1,0,1,0,1,0,0,0,0,0,1,30,4
385,Cowpox,0,0,0,0,0,0,0,1,0,1,1,52,3
386,Cowpox,0,0,1,0,0,0,0,0,0,1,0,25,2
387,Cowpox,0,0,0,0,1,0,0,1,1,0,0,29,3
388,Cowpox,1,0,0,1,0,0,0,0,0,0,1,21,3
389,Cowpox,0,1,1,0,1,1,0,0,0,0,1,18,5
390,Cowpox,1,0,0,0,1,0,0,0,1,0,1,17,4
391,Cowpox,0,0,1,0,1,0,0,1,0,0,0,36,3
392,Cowpox,0,0,1,0,0,1,0,0,1,0,0,26,3
393,Cowpox,0,0,0,0,1,0,0,0,0,1,0,23,2
394,Cowpox,0,0,1,0,1,0,0,0,0,1,0,26,3
395,Cowpox,0,0,0,0,0,0,0,0,1,1,0,26,2
396,Cowpox,0,0,0,0,0,0,0,0,0,0,0,30,0
397,Cowpox,0,0,1,1,0,1,0,0,0,0,0,25,3
398,Cowpox,1,0,0,0,0,0,0,0,1,1,1,37,4
399,Cowpox,0,1,0,0,0,0,0,1,0,1,0,26,3
400,HFMD,1,0,0,0,0,0,0,1,0,0,0,11,2
401,HFMD,0,1,0,0,0,0,1,0,0,0,0,9,2
402,HFMD,1,0,0,0,1,0,0,1,0,0,0,12,3
403,HFMD,1,0,0,0,1,0,0,0,0,0,0,8,2
404,HFMD,1,0,0,0,0,1,0,0,1,0,0,8,3
405,HFMD,1,0,1,1,0,0,0,1,0,0,0,3,4
406,HFMD,0,0,0,0,0,1,0,0,0,0,0,1,1
407,HFMD,0,0,0,0,1,0,0,0,1,0,1,1,3
408,HFMD,0,0,0,0,0,1,0,1,0,0,0,11,2
409,HFMD,1,0,0,0,0,0,0,1,0,0,0,1,2
410,HFMD,1,0,0,1,0,0,0,0,0,0,0,5,2
411,HFMD,1,1,0,0,1,0,0,1,0,0,0,3,4
412,HFMD,0,0,0,0,1,0,0,1,0,0,0,1,2
413,HFMD,0,0,0,0,1,0,0,1,0,0,0,1,2
414,HFMD,1,0,0,0,0,1,0,1,0,0,0,14,3
415,HFMD,0,0,0,0,0,0,0,1,0,0,0,3,1
416,HFMD,1,0,1,0,0,1,0,1,0,0,0,7,4
417,HFMD,1,0,1,0,1,0,0,1,1,0,0,12,5
418,HFMD,1,0,0,0,0,0,0,1,1,0,0,9,3
419,HFMD,0,0,1,1,0,1,0,1,0,0,0,4,4
420,HFMD,0,0,0,0,0,1,1,0,0,0,1,1,3
421,HFMD,1,0,0,0,1,0,0,0,1,0,1,7,4
422,HFMD,0,1,1,1,1,0,0,0,1,0,0,3,5
423,HFMD,1,0,0,1,0,0,0,0,0,0,0,6,2
424,HFMD,0,0,0,0,0,0,0,0,0,0,1,13,1
425,HFMD,0,1,0,0,0,0,0,1,0,0,0,6,2
426,HFMD,1,0,0,0,1,0,0,1,0,0,0,2,3
427,HFMD,1,0,0,0,0,0,0,0,0,0,1,2,2
428,HFMD,1,1,0,0,0,0,1,1,0,0,0,1,4
429,HFMD,0,1,0,0,0,0,0,0,0,1,0,1,2
430,HFMD,0,0,0,0,0,0,0,0,0,0,0,1,0
431,HFMD,0,1,0,0,1,0,0,0,1,0,0,13,3
432,HFMD,0,0,0,0,0,1,0,0,0,0,0,12,1
433,HFMD,1,0,0,0,1,0,0,0,0,1,0,1,3
434,HFMD,0,0,0,0,1,0,0,1,1,0,1,6,4
435,HFMD,0,1,0,1,1,0,0,1,0,0,1,3,5
436,HFMD,0,0,0,0,0,0,0,1,0,0,0,1,1
437,HFMD,0,0,0,0,0,0,0,1,0,0,0,1,1
438,HFMD,0,0,0,0,1,0,0,0,0,0,0,10,1
439,HFMD,1,1,0,0,0,1,0,1,1,0,0,1,5
440,HFMD,0,0,0,0,0,0,0,1,0,0,0,8,1
441,HFMD,0,0,0,1,0,0,0,1,1,0,1,8,4
442,HFMD,1,0,0,0,1,0,0,0,0,0,0,14,2
443,HFMD,1,1,0,0,0,0,0,1,0,0,0,4,3
444,HFMD,0,0,0,0,0,1,0,1,0,0,0,13,2
445,HFMD,0,0,1,1,0,0,0,0,0,0,0,12,2
446,HFMD,1,1,0,0,0,0,0,0,0,0,0,9,2
447,HFMD,0,0,0,0,1,0,0,0,0,0,0,1,1
448,HFMD,1,0,0,0,0,0,0,0,1,0,0,4,2
449,HFMD,1,0,0,0,0,0,0,1,0,0,0,3,2
450,HFMD,0,0,0,0,0,0,0,0,0,0,1,9,1
451,HFMD,0,0,1,0,0,0,0,1,0,0,1,1,3
452,HFMD,1,0,0,1,0,0,0,1,0,0,0,8,3
453,HFMD,0,1,0,0,0,0,0,0,1,0,0,26,2
454,HFMD,0,0,1,0,0,0,0,0,0,0,1,5,2
455,HFMD,0,0,0,0,1,0,0,0,0,0,1,2,2
456,HFMD,0,0,0,1,0,0,0,1,0,0,0,12,2
457,HFMD,1,0,0,0,0,1,0,1,0,0,0,1,3
458,HFMD,0,0,0,0,0,0,0,1,0,0,1,3,2
459,HFMD,1,0,1,0,1,0,0,0,0,0,1,5,4
460,HFMD,1,1,0,0,0,0,1,1,0,0,0,10,4
461,HFMD,0,0,0,0,0,0,0,0,1,0,0,5,1
462,HFMD,1,0,0,0,0,0,0,0,0,0,1,3,2
463,HFMD,0,0,0,0,0,0,0,1,0,0,0,1,1
464,HFMD,1,0,1,0,0,0,0,0,0,0,0,1,2
465,HFMD,0,0,1,0,0,1,0,1,0,0,0,9,3
466,HFMD,0,0,0,0,1,0,0,0,0,0,0,10,1
467,HFMD,0,0,1,0,0,0,0,0,0,0,0,5,1
468,HFMD,0,0,1,0,1,0,1,0,0,0,0,10,3
469,HFMD,0,0,0,1,0,0,0,0,0,1,0,1,2
470,HFMD,1,0,0,0,1,0,0,1,1,0,0,1,4
471,HFMD,1,0,1,0,1,0,0,0,1,0,0,14,4
472,HFMD,1,0,0,0,1,0,0,1,0,1,0,5,4
473,HFMD,0,0,0,0,0,0,0,0,0,0,1,8,1
474,HFMD,0,0,0,0,0,0,0,0,0,0,1,1,1
475,HFMD,1,0,0,1,0,0,0,1,0,0,0,1,3
476,HFMD,0,0,0,0,0,0,0,0,1,0,0,1,1
477,HFMD,0,0,0,0,0,0,0,0,0,0,0,1,0
478,HFMD,0,0,0,0,0,0,0,0,0,0,0,17,0
479,HFMD,1,0,1,0,0,0,0,0,0,0,0,1,2
480,HFMD,0,0,1,0,0,1,0,0,0,0,0,6,2
481,HFMD,0,0,1,0,1,0,0,0,0,0,0,8,2
482,HFMD,1,0,0,0,1,0,0,1,1,0,0,1,4
483,HFMD,0,0,1,1,0,0,0,1,0,0,1,6,4
484,HFMD,0,0,0,0,0,0,0,0,0,0,0,10,0
485,HFMD,0,0,0,0,0,0,0,1,0,1,0,1,2
486,HFMD,0,0,0,0,0,0,0,0,0,0,0,1,0
487,HFMD,0,0,0,0,1,1,0,1,0,0,0,1,3
488,HFMD,0,1,0,0,0,0,0,0,0,1,1,2,3
489,HFMD,1,0,0,0,0,0,0,0,0,0,0,1,1
490,HFMD,1,0,0,0,0,0,0,0,0,0,0,1,1
491,HFMD,1,0,0,1,1,1,0,1,0,1,1,6,7
492,HFMD,0,0,0,0,0,0,0,1,0,0,0,1,1
493,HFMD,1,1,0,0,0,0,0,1,0,0,0,1,3
494,HFMD,0,0,0,0,0,0,0,0,1,1,1,11,3
495,HFMD,0,0,0,0,0,0,0,0,0,0,1,3,1
496,HFMD,1,0,0,0,0,0,1,0,0,0,1,1,3
497,HFMD,1,0,0,0,0,0,0,0,0,0,0,1,1
498,HFMD,1,0,0,0,0,1,0,1,0,0,0,3,3
499,HFMD,1,1,1,0,1,0,0,0,0,0,0,1,4
500,Healthy,0,1,0,0,0,0,0,1,0,0,0,42,2
501,Healthy,0,0,0,0,1,0,0,1,1,0,0,24,3
502,Healthy,0,0,0,0,0,0,0,0,0,0,0,48,0
503,Healthy,0,0,0,1,0,0,0,1,1,0,0,44,3
504,Healthy,0,1,0,0,0,0,1,0,0,0,0,36,2
505,Healthy,0,0,0,0,0,0,0,0,0,0,0,23,0
506,Healthy,1,0,0,0,0,0,0,0,0,0,1,38,2
507,Healthy,0,0,0,1,0,0,0,0,0,1,0,26,2
508,Healthy,0,0,0,0,0,0,0,0,0,0,1,25,1
509,Healthy,0,0,0,0,0,0,0,0,0,0,0,28,0
510,Healthy,0,0,0,0,0,0,0,0,0,0,0,19,0
511,Healthy,0,1,0,0,0,0,0,0,0,0,1,33,2
512,Healthy,0,0,0,0,0,0,0,0,1,0,0,27,1
513,Healthy,0,1,0,1,0,0,0,0,0,0,0,53,2
514,Healthy,1,0,0,0,1,1,0,0,1,0,1,27,5
515,Healthy,1,0,0,0,0,0,0,0,0,0,0,20,1
516,Healthy,0,1,1,0,0,0,0,0,0,0,1,51,3
517,Healthy,0,1,0,0,0,0,0,0,0,0,0,16,1
518,Healthy,1,0,0,0,0,0,0,0,0,0,0,40,1
519,Healthy,0,1,0,0,0,0,0,0,0,0,0,30,1
520,Healthy,0,0,0,0,1,0,0,0,0,0,1,40,2
521,Healthy,0,0,0,0,0,0,0,0,0,0,0,36,0
522,Healthy,1,0,0,0,0,0,0,0,0,0,0,29,1
523,Healthy,0,0,0,0,0,0,0,0,1,0,0,32,1
524,Healthy,0,0,0,0,0,0,0,0,1,0,0,31,1
525,Healthy,0,0,0,1,0,0,1,0,1,0,0,23,3
526,Healthy,0,0,0,0,0,0,0,0,0,0,1,19,1
527,Healthy,1,0,0,0,0,0,0,0,0,0,0,24,1
528,Healthy,1,0,0,0,0,0,0,1,0,1,0,33,3
529,Healthy,0,0,0,1,0,0,0,0,0,0,0,24,1
530,Healthy,0,0,0,0,0,0,0,0,0,0,0,19,0
531,Healthy,0,0,1,0,0,1,0,0,0,0,0,31,2
532,Healthy,0,0,0,0,0,0,0,0,0,0,0,26,0
533,Healthy,1,0,0,1,0,0,0,0,0,0,0,23,2
534,Healthy,0,0,0,0,0,0,0,0,0,0,0,35,0
535,Healthy,0,0,0,0,0,1,0,0,0,0,0,37,1
536,Healthy,0,0,0,0,0,0,0,0,0,0,0,20,0
537,Healthy,0,0,0,0,0,0,0,0,1,0,1,34,2
538,Healthy,0,1,0,0,1,0,0,0,0,0,0,32,2
539,Healthy,0,0,0,1,0,1,1,0,0,1,0,29,4
540,Healthy,0,0,0,0,1,0,0,0,0,0,0,18,1
541,Healthy,0,0,0,0,0,0,0,0,1,0,0,9,1
542,Healthy,0,0,0,0,0,0,0,0,0,0,0,26,0
543,Healthy,0,0,0,1,1,0,0,0,1,0,0,26,3
544,Healthy,0,0,0,0,1,0,0,0,0,0,0,33,1
545,Healthy,0,0,0,0,0,0,0,0,0,0,0,32,0
546,Healthy,1,0,0,0,0,0,0,0,0,1,0,45,2
547,Healthy,0,0,0,0,0,0,0,0,0,0,0,39,0
548,Healthy,0,0,1,0,0,0,0,1,0,0,0,25,2
549,Healthy,0,0,0,0,0,0,0,0,0,1,0,33,1
550,Healthy,0,0,0,0,0,0,0,0,0,0,0,36,0
551,Healthy,0,0,0,1,0,0,0,0,1,0,0,34,2
552,Healthy,0,0,0,0,0,0,0,0,0,0,0,22,0
553,Healthy,0,0,0,0,0,0,0,0,0,0,0,23,0
554,Healthy,1,0,1,0,0,0,0,0,0,1,0,27,3
555,Healthy,0,0,0,0,1,0,0,0,0,0,0,30,1
556,Healthy,0,0,0,0,0,0,0,0,0,0,0,35,0
557,Healthy,0,0,0,0,0,0,0,0,0,1,1,33,2
558,Healthy,0,0,0,1,1,0,0,0,1,0,0,24,3
559,Healthy,0,0,0,0,0,0,0,0,0,0,0,28,0
560,Healthy,1,0,0,0,0,0,0,0,1,1,0,24,3
561,Healthy,1,0,0,0,0,0,0,1,1,0,0,24,3
562,Healthy,0,1,0,0,1,0,0,0,0,0,0,28,2
563,Healthy,0,0,0,1,0,0,0,0,0,0,0,16,1
564,Healthy,0,0,0,0,0,0,0,0,0,0,1,34,1
565,Healthy,0,0,0,0,0,1,0,0,0,0,0,31,1
566,Healthy,0,1,0,0,0,0,0,0,0,0,0,28,1
567,Healthy,1,0,0,0,1,0,0,0,0,0,0,29,2
568,Healthy,1,0,0,0,0,0,0,0,1,0,0,47,2
569,Healthy,0,0,0,0,0,0,0,0,0,0,0,36,0
570,Healthy,1,0,0,1,0,0,0,0,0,0,0,42,2
571,Healthy,0,0,0,0,0,1,0,0,0,0,0,38,1
572,Healthy,0,0,0,0,0,0,0,0,0,1,0,36,1
573,Healthy,0,0,0,0,0,0,0,0,0,1,0,34,1
574,Healthy,0,0,1,1,0,0,0,0,0,0,1,25,3
575,Healthy,1,0,0,1,1,0,1,0,0,0,0,11,4
576,Healthy,0,0,1,0,1,1,0,0,0,1,0,41,4
577,Healthy,0,0,0,1,1,0,0,0,0,0,0,24,2
578,Healthy,0,1,0,0,0,0,0,0,1,0,0,14,2
579,Healthy,0,0,0,0,1,0,0,0,0,0,0,26,1
580,Healthy,0,1,1,0,0,0,0,0,0,0,0,19,2
581,Healthy,1,0,0,0,0,0,0,0,0,0,0,24,1
582,Healthy,1,1,0,0,0,0,0,1,1,0,0,26,4
583,Healthy,1,0,0,0,0,0,0,0,0,0,0,36,1
584,Healthy,0,1,0,0,1,0,0,0,0,0,0,38,2
585,Healthy,0,0,0,0,0,0,0,0,1,0,0,36,1
586,Healthy,0,1,1,0,1,0,0,0,0,0,0,38,3
587,Healthy,0,0,0,0,0,0,0,0,0,0,0,30,0
588,Healthy,1,0,0,0,0,0,0,0,0,0,0,35,1
589,Healthy,0,0,0,0,0,0,0,0,0,0,0,28,0
590,Healthy,0,0,1,0,0,0,0,0,0,0,1,40,2
591,Healthy,0,0,0,0,0,0,0,0,1,1,0,42,2
592,Healthy,0,1,0,0,0,1,0,0,0,0,0,25,2
593,Healthy,1,0,0,0,0,1,0,0,1,1,0,40,4
594,Healthy,0,0,1,0,0,0,0,0,0,0,1,30,2
595,Healthy,0,0,0,0,0,1,0,0,0,0,0,20,1
596,Healthy,0,1,0,0,1,0,1,0,0,0,0,27,3
597,Healthy,0,1,1,0,0,0,1,0,0,0,0,21,3
598,Healthy,1,0,0,0,0,0,0,0,0,0,0,39,1
599,Healthy,1,0,1,0,0,1,0,0,0,1,0,40,4
